date,id,activity,gold,iron,oil,silver,copper,aus,chn,clp,per,copper_L1,copper_L2,copper_L3,copper_L4,copper_L5,activity_L1
01-01-90,1.0000,16.4312,415.0500,14.0500,22.7000,5.2050,2365.5570,1.2802,4.7339,296.7568,0.0128,,,,,,
01-02-90,2.0000,12.9947,407.7000,14.0500,21.5400,5.1200,2358.9434,1.3170,4.7339,292.4630,0.0133,2365.5570,,,,,16.4312
01-03-90,3.0000,12.4408,368.5000,14.0500,20.2800,4.9650,2625.7027,1.3235,4.7339,296.6632,0.0182,2358.9434,2365.5570,,,,12.9947
01-04-90,4.0000,2.6026,367.7500,14.0500,18.5500,4.9350,2685.2269,1.3094,4.7339,296.4115,0.0276,2625.7027,2358.9434,2365.5570,,,12.4408
01-05-90,5.0000,-6.3032,363.0500,14.0500,17.4000,5.0700,2740.3424,1.3139,4.7339,296.9710,0.0388,2685.2269,2625.7027,2358.9434,2365.5570,,2.6026
01-06-90,6.0000,-15.1336,352.2000,14.0500,17.0700,4.8400,2583.8149,1.2837,4.7339,296.7889,0.0698,2740.3424,2685.2269,2625.7027,2358.9434,2365.5570,-6.3032
01-07-90,7.0000,-25.1172,372.3000,14.0500,20.6300,4.8550,2769.0030,1.2645,4.7339,296.6655,0.1149,2583.8149,2740.3424,2685.2269,2625.7027,2358.9434,-15.1336
01-08-90,8.0000,-16.1037,387.7500,14.0500,27.3000,4.8300,2956.3956,1.2366,4.7339,303.4409,0.3198,2769.0030,2583.8149,2740.3424,2685.2269,2625.7027,-25.1172
01-09-90,9.0000,-18.7028,408.4000,14.0500,39.5800,4.7950,3040.1708,1.2120,4.7342,308.3494,0.4343,2956.3956,2769.0030,2583.8149,2740.3424,2685.2269,-16.1037
01-10-90,10.0000,-14.6890,379.5000,14.0500,35.2500,4.2225,2742.5470,1.2491,4.7339,312.4895,0.4464,3040.1708,2956.3956,2769.0030,2583.8149,2740.3424,-18.7028
01-11-90,11.0000,-9.7279,384.8500,14.0500,29.1000,4.0875,2583.8149,1.2938,4.9714,326.8648,0.4395,2742.5470,3040.1708,2956.3956,2769.0030,2583.8149,-14.6890
01-12-90,12.0000,-0.4539,386.2000,14.0500,28.4400,4.1925,2484.6070,1.2984,5.2352,334.9779,0.5286,2583.8149,2742.5470,3040.1708,2956.3956,2769.0030,-9.7279
01-01-91,13.0000,0.1709,366.0000,15.0300,21.8400,3.8250,2447.1282,1.2832,5.2352,337.2305,0.5395,2484.6070,2583.8149,2742.5470,3040.1708,2956.3956,-0.4539
01-02-91,14.0000,9.9244,362.7000,15.0300,19.1200,3.6775,2447.1282,1.2763,5.2352,337.5260,0.5520,2447.1282,2484.6070,2583.8149,2742.5470,3040.1708,0.1709
01-03-91,15.0000,17.8621,355.6500,15.0300,19.6400,3.8350,2409.6494,1.2968,5.2352,340.2380,0.5653,2447.1282,2447.1282,2484.6070,2583.8149,2742.5470,9.9244
01-04-91,16.0000,10.4074,357.7500,15.0300,21.0200,3.9325,2471.3793,1.2829,5.2767,340.2841,0.6355,2409.6494,2447.1282,2447.1282,2484.6070,2583.8149,17.8621
01-05-91,17.0000,14.2403,360.4000,15.0300,21.0800,4.1325,2340.4247,1.2915,5.3257,339.9505,0.7982,2471.3793,2409.6494,2447.1282,2447.1282,2484.6070,10.4074
01-06-91,18.0000,16.4220,368.3500,15.0300,20.5800,4.4525,2218.0680,1.3161,5.3667,344.8900,0.8528,2340.4247,2471.3793,2409.6494,2447.1282,2447.1282,14.2403
01-07-91,19.0000,7.9465,362.8500,15.0300,21.6800,4.0675,2231.2553,1.2960,5.3693,348.7183,0.8282,2218.0680,2340.4247,2471.3793,2409.6494,2447.1282,16.4220
01-08-91,20.0000,2.7829,347.4000,15.0300,22.3000,3.8150,2236.1868,1.2783,5.3725,350.8900,0.8019,2231.2553,2218.0680,2340.4247,2471.3793,2409.6494,7.9465
01-09-91,21.0000,5.8891,354.9000,15.0300,22.2300,4.1350,2318.5830,1.2599,5.3869,355.6061,0.8038,2236.1868,2231.2553,2218.0680,2340.4247,2471.3793,2.7829
01-10-91,22.0000,10.2291,357.4500,15.0300,23.4100,4.0900,2360.6456,1.2618,5.3917,359.0604,0.9241,2318.5830,2236.1868,2231.2553,2218.0680,2340.4247,5.8891
01-11-91,23.0000,10.8247,366.3000,15.0300,21.5000,4.0650,2375.6604,1.2713,5.3994,364.2565,1.0265,2360.6456,2318.5830,2236.1868,2231.2553,2218.0680,10.2291
01-12-91,24.0000,5.3821,353.1500,15.0300,19.1000,3.8600,2205.9185,1.2967,5.4232,371.9275,1.0067,2375.6604,2360.6456,2318.5830,2236.1868,2231.2553,10.8247
01-01-92,25.0000,2.5053,354.1000,14.3100,18.9100,4.1300,2150.5796,1.3376,5.4618,369.7509,0.9945,2205.9185,2375.6604,2360.6456,2318.5830,2236.1868,5.3821
01-02-92,26.0000,-10.8516,353.1000,14.3100,18.6500,4.1175,2208.8923,1.3301,5.4776,347.8635,0.9775,2150.5796,2205.9185,2375.6604,2360.6456,2318.5830,2.5053
01-03-92,27.0000,-18.1812,341.7000,14.3100,19.4800,4.1200,2231.7855,1.3182,5.4871,348.3441,0.9618,2208.8923,2150.5796,2205.9185,2375.6604,2360.6456,-10.8516
01-04-92,28.0000,-21.9994,336.3500,14.3100,20.8600,3.9825,2214.1668,1.3116,5.5098,346.3005,1.0280,2231.7855,2208.8923,2150.5796,2205.9185,2375.6604,-18.1812
01-05-92,29.0000,-14.3342,337.5000,14.3100,22.1000,4.0575,2219.3151,1.3229,5.5182,346.5632,1.1405,2214.1668,2231.7855,2208.8923,2150.5796,2205.9185,-21.9994
01-06-92,30.0000,-22.3410,343.4000,14.3100,22.0700,4.0250,2296.4419,1.3235,5.4893,354.9970,1.1852,2219.3151,2214.1668,2231.7855,2208.8923,2150.5796,-14.3342
01-07-92,31.0000,-31.7701,357.8500,14.3100,21.8200,3.9525,2527.2850,1.3421,5.4564,361.2478,1.2381,2296.4419,2219.3151,2214.1668,2231.7855,2208.8923,-22.3410
01-08-92,32.0000,-31.7245,340.0000,14.3100,21.4800,3.7200,2513.4700,1.3797,5.4417,368.8648,1.2895,2527.2850,2296.4419,2219.3151,2214.1668,2231.7855,-31.7701
01-09-92,33.0000,-33.0931,349.0000,14.3100,21.7300,3.7650,2419.6142,1.3841,5.5048,376.0360,1.3764,2513.4700,2527.2850,2296.4419,2219.3151,2214.1668,-31.7245
01-10-92,34.0000,-32.5013,339.2500,14.3100,20.6400,3.7650,2262.4570,1.3990,5.5486,373.1014,1.5557,2419.6142,2513.4700,2527.2850,2296.4419,2219.3151,-33.0931
01-11-92,35.0000,-19.7370,334.2000,14.3100,19.9100,3.7325,2161.7891,1.4497,5.6134,377.6319,1.6215,2262.4570,2419.6142,2513.4700,2527.2850,2296.4419,-32.5013
01-12-92,36.0000,-7.9343,332.9000,14.3100,19.4900,3.6700,2211.9503,1.4499,5.8106,380.2175,1.6363,2161.7891,2262.4570,2419.6142,2513.4700,2527.2850,-19.7370
01-01-93,37.0000,-12.5584,330.4500,12.5800,20.2600,3.7075,2264.2140,1.4859,5.7796,383.9255,1.6975,2211.9503,2161.7891,2262.4570,2419.6142,2513.4700,-7.9343
01-02-93,38.0000,-10.3970,327.6000,12.5800,20.5600,3.5675,2212.1814,1.4643,5.7874,387.9105,1.7580,2264.2140,2211.9503,2161.7891,2262.4570,2419.6142,-12.5584
01-03-93,39.0000,-2.2806,337.8000,12.5800,20.4400,3.8900,2152.3802,1.4128,5.7455,397.2178,1.8391,2212.1814,2264.2140,2211.9503,2161.7891,2262.4570,-10.3970
01-04-93,40.0000,1.7487,354.3000,12.5800,20.5700,4.2975,1953.6206,1.4055,5.7202,401.1914,1.9105,2152.3802,2212.1814,2264.2140,2211.9503,2161.7891,-2.2806
01-05-93,41.0000,7.8275,377.4500,12.5800,20.0100,4.7125,1799.3517,1.4314,5.7392,404.9805,1.9657,1953.6206,2152.3802,2212.1814,2264.2140,2211.9503,1.7487
01-06-93,42.0000,4.4878,378.4500,12.5800,18.8600,4.5750,1857.8707,1.4817,5.7504,403.3015,2.0036,1799.3517,1953.6206,2152.3802,2212.1814,2264.2140,7.8275
01-07-93,43.0000,-6.9973,401.7500,12.5800,17.8800,5.3000,1927.3398,1.4751,5.7756,404.7941,2.0489,1857.8707,1799.3517,1953.6206,2152.3802,2212.1814,4.4878
01-08-93,44.0000,-6.3161,371.5500,12.5800,18.2600,4.8425,1951.0714,1.4762,5.7906,407.6586,2.0762,1927.3398,1857.8707,1799.3517,1953.6206,2152.3802,-6.9973
01-09-93,45.0000,-4.1492,355.5000,12.5800,18.7600,4.0300,1858.2500,1.5344,5.8015,408.1923,2.0955,1951.0714,1927.3398,1857.8707,1799.3517,1953.6206,-6.3161
01-10-93,46.0000,-7.6972,369.6000,12.5800,16.9100,4.4025,1646.9999,1.5129,5.8013,412.5885,2.1415,1858.2500,1951.0714,1927.3398,1857.8707,1799.3517,-4.1492
01-11-93,47.0000,-13.2781,370.9000,12.5800,15.5400,4.4675,1632.5681,1.5044,5.8086,412.5024,2.1690,1646.9999,1858.2500,1951.0714,1927.3398,1857.8707,-7.6972
01-12-93,48.0000,-18.4558,391.7500,12.5800,14.1900,5.1150,1723.6251,1.4846,5.8210,425.7343,2.1632,1632.5681,1646.9999,1858.2500,1951.0714,1927.3398,-13.2781
01-01-94,49.0000,-18.9417,377.9000,11.4500,15.2800,5.0575,1807.0714,1.4366,8.7219,430.4452,2.1752,1723.6251,1632.5681,1646.9999,1858.2500,1951.0714,-18.4558
01-02-94,50.0000,-25.0203,381.5500,11.4500,14.4900,5.2425,1865.0750,1.3965,8.7249,428.6915,2.1770,1807.0714,1723.6251,1632.5681,1646.9999,1858.2500,-18.9417
01-03-94,51.0000,-25.6489,389.2000,11.4500,14.8000,5.7350,1913.1739,1.4067,8.7241,430.4517,2.1732,1865.0750,1807.0714,1723.6251,1632.5681,1646.9999,-25.0203
01-04-94,52.0000,-13.4257,376.4500,11.4500,16.9800,5.2800,1881.3685,1.3974,8.7251,424.4715,2.1815,1913.1739,1865.0750,1807.0714,1723.6251,1632.5681,-25.6489
01-05-94,53.0000,-0.5267,387.6000,11.4500,18.0300,5.4950,2144.5001,1.3806,8.6859,424.6982,2.1886,1881.3685,1913.1739,1865.0750,1807.0714,1723.6251,-13.4257
01-06-94,54.0000,-9.8588,388.2500,11.4500,19.3700,5.2500,2363.0910,1.3644,8.6836,420.6790,2.1905,2144.5001,1881.3685,1913.1739,1865.0750,1807.0714,-0.5267
01-07-94,55.0000,-5.8807,384.0000,11.4500,20.3100,5.2925,2447.2380,1.3622,8.6605,420.4943,2.2000,2363.0910,2144.5001,1881.3685,1913.1739,1865.0750,-9.8588
01-08-94,56.0000,-0.6374,385.7500,11.4500,17.5600,5.3575,2409.7500,1.3512,8.6072,419.4300,2.2332,2447.2380,2363.0910,2144.5001,1881.3685,1913.1739,-5.8807
01-09-94,57.0000,3.0380,394.8500,11.4500,18.3900,5.6200,2504.8410,1.3477,8.5581,414.8690,2.2591,2409.7500,2447.2380,2363.0910,2144.5001,1881.3685,-0.6374
01-10-94,58.0000,19.3750,383.8500,11.4500,18.1800,5.3450,2546.0238,1.3552,8.5492,412.2140,2.2376,2504.8410,2409.7500,2447.2380,2363.0910,2144.5001,3.0380
01-11-94,59.0000,22.2156,383.1000,11.4500,18.0600,5.0750,2803.5454,1.3247,8.5370,413.4510,2.1962,2546.0238,2504.8410,2409.7500,2447.2380,2363.0910,19.3750
01-12-94,60.0000,28.9796,383.2500,11.4500,17.7700,4.8500,2980.7000,1.2922,8.5033,402.2300,2.1448,2803.5454,2546.0238,2504.8410,2409.7500,2447.2380,22.2156
01-01-95,61.0000,30.0755,374.9000,12.2700,18.3500,4.6975,3003.2619,1.3077,8.4608,405.7782,2.1941,2980.7000,2803.5454,2546.0238,2504.8410,2409.7500,28.9796
01-02-95,62.0000,28.6275,376.4000,12.2700,18.5800,4.4900,2870.4502,1.3428,8.4553,412.1395,2.2165,3003.2619,2980.7000,2803.5454,2546.0238,2504.8410,30.0755
01-03-95,63.0000,38.4442,392.0000,12.2700,19.1800,5.1600,2919.6740,1.3615,8.4483,410.4574,2.2583,2870.4502,3003.2619,2980.7000,2803.5454,2546.0238,28.6275
01-04-95,64.0000,40.9974,389.7500,12.2700,20.3800,5.8275,2894.8888,1.3594,8.4421,394.3284,2.2628,2919.6740,2870.4502,3003.2619,2980.7000,2803.5454,38.4442
01-05-95,65.0000,40.5656,384.3000,12.2700,18.8000,5.2950,2771.5713,1.3751,8.3370,377.1714,2.2536,2894.8888,2919.6740,2870.4502,3003.2619,2980.7000,40.9974
01-06-95,66.0000,29.0993,387.0500,12.2700,17.4000,5.3275,2987.6819,1.3897,8.3206,373.5880,2.2467,2771.5713,2894.8888,2919.6740,2870.4502,3003.2619,40.5656
01-07-95,67.0000,27.3223,383.3500,12.2700,17.5600,5.0975,3076.4501,1.3738,8.3207,378.0681,2.2350,2987.6819,2771.5713,2894.8888,2919.6740,2870.4502,29.0993
01-08-95,68.0000,33.1562,382.3500,12.2700,17.8900,5.3225,3040.1362,1.3488,8.3253,387.2741,2.2436,3076.4501,2987.6819,2771.5713,2894.8888,2919.6740,27.3223
01-09-95,69.0000,29.3354,384.0000,12.2700,17.5400,5.5275,2910.4250,1.3268,8.3374,394.5628,2.2505,3040.1362,3076.4501,2987.6819,2771.5713,2894.8888,33.1562
01-10-95,70.0000,13.4257,382.6500,12.2700,17.6700,5.3600,2810.0682,1.3210,8.3353,406.6171,2.2611,2910.4250,3040.1362,3076.4501,2987.6819,2771.5713,29.3354
01-11-95,71.0000,9.7806,387.8000,12.2700,18.2400,5.1800,2981.6190,1.3417,8.3334,412.3095,2.3184,2810.0682,2910.4250,3040.1362,3076.4501,2987.6819,13.4257
01-12-95,72.0000,7.8619,387.0000,12.2700,19.5600,5.1425,2918.2106,1.3504,8.3350,408.9842,2.3293,2981.6190,2810.0682,2910.4250,3040.1362,3076.4501,9.7806
01-01-96,73.0000,2.8389,405.5500,12.9700,17.7500,5.5200,2604.9999,1.3483,8.3384,408.5318,2.3543,2918.2106,2981.6190,2810.0682,2910.4250,3040.1362,7.8619
01-02-96,74.0000,-4.7697,400.6500,12.9700,19.5900,5.5225,2544.6667,1.3235,8.3338,410.9657,2.3589,2604.9999,2918.2106,2981.6190,2810.0682,2910.4250,2.8389
01-03-96,75.0000,-8.5454,396.3500,12.9700,21.4800,5.5175,2563.3499,1.2963,8.3495,411.5467,2.3598,2544.6667,2604.9999,2918.2106,2981.6190,2810.0682,-4.7697
01-04-96,76.0000,-3.7627,391.3000,12.9700,21.1600,5.2775,2594.1750,1.2728,8.3515,408.4248,2.3685,2563.3499,2544.6667,2604.9999,2918.2106,2981.6190,-8.5454
01-05-96,77.0000,-6.5773,390.5500,12.9700,19.7400,5.3350,2658.7619,1.2547,8.3479,406.2305,2.4140,2594.1750,2563.3499,2544.6667,2604.9999,2918.2106,-3.7627
01-06-96,78.0000,-17.2578,382.0000,12.9700,20.9300,5.0250,2177.6000,1.2639,8.3424,409.8468,2.4448,2658.7619,2594.1750,2563.3499,2544.6667,2604.9999,-6.5773
01-07-96,79.0000,-30.1889,385.3000,12.9700,20.4800,5.1125,1983.9348,1.2663,8.3409,410.7230,2.4492,2177.6000,2658.7619,2594.1750,2563.3499,2544.6667,-17.2578
01-08-96,80.0000,-33.0552,386.4500,12.9700,22.2600,5.1950,2017.8572,1.2771,8.3379,411.1005,2.4703,1983.9348,2177.6000,2658.7619,2594.1750,2563.3499,-30.1889
01-09-96,81.0000,-38.5020,379.0000,12.9700,24.1800,4.8800,1935.0714,1.2614,8.3341,411.8444,2.4958,2017.8572,1983.9348,2177.6000,2658.7619,2594.1750,-33.0552
01-10-96,82.0000,-29.2108,379.5000,12.9700,23.2100,4.8250,1960.1957,1.2629,8.3299,415.5526,2.5600,1935.0714,2017.8572,1983.9348,2177.6000,2658.7619,-38.5020
01-11-96,83.0000,-4.7415,371.3000,12.9700,23.7500,4.7425,2215.4286,1.2550,8.3294,420.0300,2.5886,1960.1957,1935.0714,2017.8572,1983.9348,2177.6000,-29.2108
01-12-96,84.0000,-2.3051,369.2500,12.9700,25.9300,4.7975,2264.5953,1.2553,8.3290,422.4100,2.5875,2215.4286,1960.1957,1935.0714,2017.8572,1983.9348,-4.7415
01-01-97,85.0000,-3.9578,345.5000,13.0400,24.1500,4.9575,2427.2728,1.2860,8.3260,423.7932,2.6299,2264.5953,2215.4286,1960.1957,1935.0714,2017.8572,-2.3051
01-02-97,86.0000,-5.6371,358.6000,13.0400,20.3000,5.2525,2406.6316,1.3026,8.3227,416.1915,2.6425,2427.2728,2264.5953,2215.4286,1960.1957,1935.0714,-3.9578
01-03-97,87.0000,-3.1962,348.1500,13.0400,20.4200,5.1300,2420.1842,1.2698,8.3258,414.0530,2.6372,2406.6316,2427.2728,2264.5953,2215.4286,1960.1957,-5.6371
01-04-97,88.0000,-9.4796,340.1500,13.0400,20.1700,4.6625,2389.3181,1.2842,8.3257,417.5800,2.6652,2420.1842,2406.6316,2427.2728,2264.5953,2215.4286,-3.1962
01-05-97,89.0000,-16.9150,345.6000,13.0400,20.8900,4.8575,2513.2999,1.2902,8.3229,418.6089,2.6673,2389.3181,2420.1842,2406.6316,2427.2728,2264.5953,-9.4796
01-06-97,90.0000,-17.4077,334.5500,13.0400,19.8400,4.7150,2611.2857,1.3259,8.3224,417.4152,2.6588,2513.2999,2389.3181,2420.1842,2406.6316,2427.2728,-16.9150
01-07-97,91.0000,-12.2380,326.3500,13.0400,20.1300,4.3825,2449.1957,1.3477,8.3162,416.6083,2.6545,2611.2857,2513.2999,2389.3181,2420.1842,2406.6316,-17.4077
01-08-97,92.0000,-15.8152,325.3500,13.0400,19.6200,4.7250,2250.1000,1.3506,8.3187,414.8525,2.6565,2449.1957,2611.2857,2513.2999,2389.3181,2420.1842,-12.2380
01-09-97,93.0000,-15.6670,332.1000,13.0400,21.1600,5.1675,2104.3096,1.3829,8.3171,414.8989,2.6471,2250.1000,2449.1957,2611.2857,2513.2999,2389.3181,-15.8152
01-10-97,94.0000,-13.6276,311.4000,13.0400,21.0900,4.8150,2050.6956,1.3895,8.3135,414.4130,2.6657,2104.3096,2250.1000,2449.1957,2611.2857,2513.2999,-15.6670
01-11-97,95.0000,-20.3831,296.8000,13.0400,19.1600,5.2975,1918.4999,1.4382,8.3109,424.9575,2.7232,2050.6956,2104.3096,2250.1000,2449.1957,2611.2857,-13.6276
01-12-97,96.0000,-20.4417,290.2000,13.0400,17.6600,5.9950,1761.4524,1.5108,8.3099,438.2895,2.7200,1918.4999,2050.6956,2104.3096,2250.1000,2449.1957,-20.3831
01-01-98,97.0000,-27.0107,304.8500,13.4100,17.2200,6.0475,1687.6000,1.5230,8.3094,453.3890,2.7467,1761.4524,1918.4999,2050.6956,2104.3096,2250.1000,-20.4417
01-02-98,98.0000,-42.8536,297.4000,13.4100,15.4500,6.3700,1664.0000,1.4828,8.3072,448.5310,2.8015,1687.6000,1761.4524,1918.4999,2050.6956,2104.3096,-27.0107
01-03-98,99.0000,-35.8231,301.0000,13.4100,15.7600,6.3450,1747.1592,1.4934,8.3076,452.5314,2.8086,1664.0000,1687.6000,1761.4524,1918.4999,2050.6956,-42.8536
01-04-98,100.0000,-42.7485,310.7000,13.4100,15.1700,6.2150,1800.1251,1.5330,8.3058,453.7433,2.8220,1747.1592,1664.0000,1687.6000,1761.4524,1918.4999,-35.8231
01-05-98,101.0000,-43.1351,293.6000,13.4100,15.2100,4.9575,1731.6579,1.5843,8.3084,453.4158,2.8456,1800.1251,1747.1592,1664.0000,1687.6000,1761.4524,-42.7485
01-06-98,102.0000,-52.0446,296.3000,13.4100,14.2900,5.3575,1656.5952,1.6540,8.3100,456.1880,2.9088,1731.6579,1800.1251,1747.1592,1664.0000,1687.6000,-43.1351
01-07-98,103.0000,-58.6904,288.8500,13.4100,14.2200,5.5250,1655.6667,1.6181,8.3100,464.6413,2.9224,1656.5952,1731.6579,1800.1251,1747.1592,1664.0000,-52.0446
01-08-98,104.0000,-63.6519,273.4000,13.4100,13.2600,4.7850,1619.9251,1.6984,8.3100,471.2552,2.9639,1655.6667,1656.5952,1731.6579,1800.1251,1747.1592,-58.6904
01-09-98,105.0000,-54.8052,293.8500,13.4100,16.1600,5.3850,1646.7727,1.6981,8.3055,470.4995,3.0450,1619.9251,1655.6667,1656.5952,1731.6579,1800.1251,-63.6519
01-10-98,106.0000,-42.8009,292.3000,13.4100,14.4300,5.0550,1585.4999,1.6184,8.2778,463.6019,3.0528,1646.7727,1619.9251,1655.6667,1656.5952,1731.6579,-54.8052
01-11-98,107.0000,-45.3312,294.7000,13.4100,11.2400,4.9250,1573.7250,1.5751,8.2778,463.2562,3.0962,1585.4999,1646.7727,1619.9251,1655.6667,1656.5952,-42.8009
01-12-98,108.0000,-57.5320,287.8000,13.4100,12.0500,5.0050,1475.7631,1.6176,8.2780,472.3870,3.1390,1573.7250,1585.4999,1646.7727,1619.9251,1655.6667,-45.3312
01-01-99,109.0000,-63.1198,285.4000,11.9300,12.5100,5.2375,1432.0000,1.5823,8.2789,475.6815,3.2540,1475.7631,1573.7250,1585.4999,1646.7727,1619.9251,-57.5320
01-02-99,110.0000,-58.9273,287.0500,11.9300,12.2900,5.5800,1412.9500,1.5627,8.2781,493.4485,3.3985,1432.0000,1475.7631,1573.7250,1585.4999,1646.7727,-63.1198
01-03-99,111.0000,-44.2660,279.4500,11.9300,16.7600,5.0250,1378.4773,1.5853,8.2792,492.4843,3.3818,1412.9500,1432.0000,1475.7631,1573.7250,1585.4999,-58.9273
01-04-99,112.0000,-49.3148,286.6000,11.9300,18.6600,5.4400,1463.7250,1.5576,8.2792,482.3276,3.3517,1378.4773,1412.9500,1432.0000,1475.7631,1573.7250,-44.2660
01-05-99,113.0000,-35.1962,268.6000,11.9300,16.8500,4.9350,1510.4474,1.5088,8.2785,485.0390,3.3337,1463.7250,1378.4773,1412.9500,1432.0000,1475.7631,-49.3148
01-06-99,114.0000,-42.2468,261.0000,11.9300,19.3600,5.2175,1422.1591,1.5237,8.2780,502.1655,3.3403,1510.4474,1463.7250,1378.4773,1412.9500,1432.0000,-35.1962
01-07-99,115.0000,-43.7233,255.6000,11.9300,20.5300,5.4475,1639.1818,1.5239,8.2776,516.7382,3.3252,1422.1591,1510.4474,1463.7250,1378.4773,1412.9500,-42.2468
01-08-99,116.0000,-36.9737,254.8000,11.9300,22.1100,5.0775,1646.7381,1.5513,8.2772,513.0332,3.3644,1639.1818,1422.1591,1510.4474,1463.7250,1378.4773,-43.7233
01-09-99,117.0000,-28.0963,307.0000,11.9300,24.5400,5.5750,1749.6818,1.5396,8.2774,524.5481,3.4207,1646.7381,1639.1818,1422.1591,1510.4474,1463.7250,-36.9737
01-10-99,118.0000,-12.5453,299.1000,11.9300,21.7800,5.2900,1723.2857,1.5363,8.2775,537.9695,3.4743,1749.6818,1646.7381,1639.1818,1422.1591,1510.4474,-28.0963
01-11-99,119.0000,-12.9327,291.3500,11.9300,24.6000,5.1800,1726.7727,1.5654,8.2782,543.7138,3.4836,1723.2857,1749.6818,1646.7381,1639.1818,1422.1591,-12.5453
01-12-99,120.0000,-12.3325,290.2500,11.9300,25.7700,5.3300,1764.8824,1.5601,8.2794,538.2210,3.4859,1726.7727,1723.2857,1749.6818,1646.7381,1639.1818,-12.9327
01-01-00,121.0000,-10.3998,283.3000,12.4500,27.6700,5.2600,1812.0000,1.5244,8.2792,520.4476,3.5016,1764.8824,1726.7727,1723.2857,1749.6818,1646.7381,-12.3325
01-02-00,122.0000,-9.0554,293.6500,12.4500,30.4700,5.0950,1726.0000,1.5929,8.2781,512.8510,3.4577,1812.0000,1764.8824,1726.7727,1723.2857,1749.6818,-10.3998
01-03-00,123.0000,5.6198,276.7500,12.4500,26.9000,4.9350,1728.5000,1.6410,8.2786,504.3804,3.4449,1726.0000,1812.0000,1764.8824,1726.7727,1723.2857,-9.0554
01-04-00,124.0000,8.7032,275.0500,12.4500,25.7200,4.9375,1715.0000,1.6779,8.2793,508.0995,3.4807,1728.5000,1726.0000,1812.0000,1764.8824,1726.7727,5.6198
01-05-00,125.0000,4.7156,272.2500,12.4500,29.0500,4.9000,1735.5000,1.7289,8.2781,521.6632,3.5051,1715.0000,1728.5000,1726.0000,1812.0000,1764.8824,8.7032
01-06-00,126.0000,3.4835,288.1500,12.4500,32.4500,5.0175,1773.5000,1.6810,8.2772,529.7375,3.4887,1735.5000,1715.0000,1728.5000,1726.0000,1812.0000,4.7156
01-07-00,127.0000,5.1672,276.7500,12.4500,27.4200,4.9500,1849.5000,1.7036,8.2794,542.7452,3.4820,1773.5000,1735.5000,1715.0000,1728.5000,1726.0000,3.4835
01-08-00,128.0000,6.6218,277.0000,12.4500,33.1400,4.9100,1900.0000,1.7218,8.2796,550.9945,3.4790,1849.5000,1773.5000,1735.5000,1715.0000,1728.5000,5.1672
01-09-00,129.0000,10.6246,273.6500,12.4500,30.8800,4.8875,1978.0000,1.8113,8.2785,565.8950,3.4862,1900.0000,1849.5000,1773.5000,1735.5000,1715.0000,6.6218
01-10-00,130.0000,11.8939,264.5000,12.4500,32.7100,4.7400,1839.0000,1.8939,8.2785,567.8414,3.5018,1978.0000,1900.0000,1849.5000,1773.5000,1735.5000,10.6246
01-11-00,131.0000,11.1921,269.1000,12.4500,33.8500,4.6300,1814.5000,1.9164,8.2774,574.5971,3.5299,1839.0000,1978.0000,1900.0000,1849.5000,1773.5000,11.8939
01-12-00,132.0000,4.3404,274.4500,12.4500,26.8000,4.5750,1808.5000,1.8295,8.2771,574.6284,3.5211,1814.5000,1839.0000,1978.0000,1900.0000,1849.5000,11.1921
01-01-01,133.0000,1.2255,264.5000,12.9900,28.6800,4.7900,1805.5000,1.8012,8.2776,571.1164,3.5240,1808.5000,1814.5000,1839.0000,1978.0000,1900.0000,4.3404
01-02-01,134.0000,-4.5528,266.7000,12.9900,27.4100,4.4300,1738.0000,1.8734,8.2771,563.1290,3.5296,1805.5000,1808.5000,1814.5000,1839.0000,1978.0000,1.2255
01-03-01,135.0000,-2.9014,257.7000,12.9900,26.2900,4.3300,1666.0000,1.9877,8.2775,587.7859,3.5208,1738.0000,1805.5000,1808.5000,1814.5000,1839.0000,-4.5528
01-04-01,136.0000,-7.1915,263.1500,12.9900,28.4800,4.3650,1660.0000,1.9936,8.2771,598.6280,3.5604,1666.0000,1738.0000,1805.5000,1808.5000,1814.5000,-2.9014
01-05-01,137.0000,-6.9119,267.5000,12.9900,28.3900,4.4250,1666.0000,1.9234,8.2770,604.4781,3.6016,1660.0000,1666.0000,1738.0000,1805.5000,1808.5000,-7.1915
01-06-01,138.0000,-11.9998,270.6000,12.9900,26.2700,4.3350,1550.5000,1.9305,8.2770,616.0725,3.5330,1666.0000,1660.0000,1666.0000,1738.0000,1805.5000,-6.9119
01-07-01,139.0000,-24.8427,265.9000,12.9900,26.3700,4.2250,1469.0000,1.9650,8.2769,656.4557,3.5050,1550.5000,1666.0000,1660.0000,1666.0000,1738.0000,-11.9998
01-08-01,140.0000,-45.5117,273.0000,12.9900,27.2200,4.2000,1475.0000,1.9062,8.2770,673.7032,3.4933,1469.0000,1550.5000,1666.0000,1660.0000,1666.0000,-24.8427
01-09-01,141.0000,-49.3772,293.1000,12.9900,23.4200,4.5850,1424.0000,1.9857,8.2768,681.2418,3.4912,1475.0000,1469.0000,1550.5000,1666.0000,1660.0000,-45.5117
01-10-01,142.0000,-54.0326,278.7500,12.9900,21.1700,4.2750,1360.5000,1.9833,8.2768,708.0982,3.4614,1424.0000,1475.0000,1469.0000,1550.5000,1666.0000,-49.3772
01-11-01,143.0000,-58.7180,275.5000,12.9900,19.4700,4.1400,1532.0000,1.9361,8.2769,689.4014,3.4407,1360.5000,1424.0000,1475.0000,1469.0000,1550.5000,-54.0326
01-12-01,144.0000,-56.7575,276.5000,12.9900,19.7700,4.5200,1473.5000,1.9463,8.2764,669.1379,3.4366,1532.0000,1360.5000,1424.0000,1475.0000,1469.0000,-58.7180
01-01-02,145.0000,-49.9848,282.3000,12.6800,19.4700,4.2950,1515.0000,1.9342,8.2771,667.2818,3.4610,1473.5000,1532.0000,1360.5000,1424.0000,1475.0000,-56.7575
01-02-02,146.0000,-46.9210,296.8500,12.6800,21.7200,4.4350,1539.0000,1.9501,8.2767,678.8350,3.4777,1515.0000,1473.5000,1532.0000,1360.5000,1424.0000,-49.9848
01-03-02,147.0000,-36.6568,301.4000,12.6800,26.2100,4.6750,1623.0000,1.9026,8.2773,663.2640,3.4571,1539.0000,1515.0000,1473.5000,1532.0000,1360.5000,-46.9210
01-04-02,148.0000,-35.8185,308.2000,12.6800,27.3200,4.6000,1598.5000,1.8685,8.2772,650.8210,3.4397,1623.0000,1539.0000,1515.0000,1473.5000,1532.0000,-36.6568
01-05-02,149.0000,-39.9361,326.6000,12.6800,25.3700,5.0450,1629.0000,1.8188,8.2770,653.9065,3.4525,1598.5000,1623.0000,1539.0000,1515.0000,1473.5000,-35.8185
01-06-02,150.0000,-43.5748,318.5000,12.6800,26.8700,4.8700,1654.0000,1.7599,8.2767,673.7660,3.4819,1629.0000,1598.5000,1623.0000,1539.0000,1515.0000,-39.9361
01-07-02,151.0000,-44.3382,305.5000,12.6800,27.0200,4.6600,1510.5000,1.8057,8.2768,696.3343,3.5346,1654.0000,1629.0000,1598.5000,1623.0000,1539.0000,-43.5748
01-08-02,152.0000,-43.0435,312.8000,12.6800,28.9700,4.5650,1500.0000,1.8474,8.2767,702.3048,3.5712,1510.5000,1654.0000,1629.0000,1598.5000,1623.0000,-44.3382
01-09-02,153.0000,-26.5235,323.7000,12.6800,30.4700,4.5325,1434.5000,1.8298,8.2770,726.9789,3.6201,1500.0000,1510.5000,1654.0000,1629.0000,1598.5000,-43.0435
01-10-02,154.0000,-12.1848,316.9000,12.6800,27.2200,4.4750,1536.0000,1.8175,8.2772,742.3174,3.6164,1434.5000,1500.0000,1510.5000,1654.0000,1629.0000,-26.5235
01-11-02,155.0000,-5.4570,319.0500,12.6800,26.8700,4.4300,1626.0000,1.7816,8.2772,709.4765,3.5844,1536.0000,1434.5000,1500.0000,1510.5000,1654.0000,-12.1848
01-12-02,156.0000,7.7418,342.7500,12.6800,31.2200,4.6650,1536.0000,1.7781,8.2777,701.9490,3.5153,1626.0000,1536.0000,1434.5000,1500.0000,1510.5000,-5.4570
01-01-03,157.0000,9.1345,367.5000,13.8200,33.5200,4.8725,1713.5000,1.7156,8.2775,722.4777,3.4948,1536.0000,1626.0000,1536.0000,1434.5000,1500.0000,7.7418
01-02-03,158.0000,7.5657,347.4500,13.8200,36.6200,4.5950,1716.0000,1.6790,8.2780,745.2135,3.4847,1713.5000,1536.0000,1626.0000,1536.0000,1434.5000,9.1345
01-03-03,159.0000,17.5645,334.8500,13.8200,31.0200,4.4600,1587.5000,1.6625,8.2773,743.2833,3.4800,1716.0000,1713.5000,1536.0000,1626.0000,1536.0000,7.5657
01-04-03,160.0000,29.0569,336.7500,13.8200,25.8700,4.6050,1608.0000,1.6393,8.2772,718.2533,3.4655,1587.5000,1716.0000,1713.5000,1536.0000,1626.0000,17.5645
01-05-03,161.0000,37.1662,361.4000,13.8200,29.5700,4.5600,1683.0000,1.5461,8.2769,703.5800,3.4820,1608.0000,1587.5000,1716.0000,1713.5000,1536.0000,29.0569
01-06-03,162.0000,32.8705,346.0000,13.8200,30.1700,4.5050,1644.0000,1.5033,8.2771,709.1845,3.4796,1683.0000,1608.0000,1587.5000,1716.0000,1713.5000,37.1662
01-07-03,163.0000,35.2963,354.7500,13.8200,30.5200,5.0800,1769.0000,1.5135,8.2773,701.1404,3.4720,1644.0000,1683.0000,1608.0000,1587.5000,1716.0000,32.8705
01-08-03,164.0000,39.2258,375.6000,13.8200,31.5700,5.1050,1746.0000,1.5342,8.2770,703.7725,3.4809,1769.0000,1644.0000,1683.0000,1608.0000,1587.5000,35.2963
01-09-03,165.0000,46.5238,388.0000,13.8200,29.2200,5.1150,1794.0000,1.5072,8.2772,675.4420,3.4816,1746.0000,1769.0000,1644.0000,1683.0000,1608.0000,39.2258
01-10-03,166.0000,99.2825,386.2500,13.8200,29.1200,5.1350,2057.0000,1.4393,8.2768,646.0696,3.4789,1794.0000,1746.0000,1769.0000,1644.0000,1683.0000,46.5238
01-11-03,167.0000,101.4618,398.3500,13.8200,30.3200,5.3500,2073.5000,1.3970,8.2769,625.4670,3.4785,2057.0000,1794.0000,1746.0000,1769.0000,1644.0000,99.2825
01-12-03,168.0000,109.4661,417.2500,13.8200,32.5200,5.9650,2321.0000,1.3530,8.2770,602.9045,3.4721,2073.5000,2057.0000,1794.0000,1746.0000,1769.0000,101.4618
01-01-04,169.0000,121.8218,399.7500,16.3900,33.0500,6.2250,2489.0000,1.2958,8.2770,573.6414,3.4677,2321.0000,2073.5000,2057.0000,1794.0000,1746.0000,109.4661
01-02-04,170.0000,125.9119,395.8500,16.3900,36.1700,6.5800,2987.0000,1.2870,8.2771,584.3060,3.4842,2489.0000,2321.0000,2073.5000,2057.0000,1794.0000,121.8218
01-03-04,171.0000,119.8314,423.7000,16.3900,35.7700,7.8250,3067.5000,1.3340,8.2771,603.9122,3.4659,2987.0000,2489.0000,2321.0000,2073.5000,2057.0000,125.9119
01-04-04,172.0000,106.4692,388.5000,16.3900,37.3700,5.9500,2752.0000,1.3435,8.2769,608.1871,3.4703,3067.5000,2987.0000,2489.0000,2321.0000,2073.5000,119.8314
01-05-04,173.0000,84.0274,393.2500,16.3900,39.9000,6.1650,2830.5000,1.4207,8.2771,635.7575,3.4880,2752.0000,3067.5000,2987.0000,2489.0000,2321.0000,106.4692
01-06-04,174.0000,62.3790,395.8000,16.3900,37.0500,5.9100,2664.5000,1.4415,8.2767,643.4965,3.4779,2830.5000,2752.0000,3067.5000,2987.0000,2489.0000,84.0274
01-07-04,175.0000,88.8177,391.4000,16.3900,43.8000,6.4200,2900.0000,1.3965,8.2767,632.3936,3.4422,2664.5000,2830.5000,2752.0000,3067.5000,2987.0000,62.3790
01-08-04,176.0000,98.7780,407.2500,16.3900,42.1200,6.7400,2847.0000,1.4063,8.2768,635.9318,3.3963,2900.0000,2664.5000,2830.5000,2752.0000,3067.5000,88.8177
01-09-04,177.0000,97.9526,415.6500,16.3900,49.6400,6.6650,3140.0000,1.4229,8.2767,616.5519,3.3584,2847.0000,2900.0000,2664.5000,2830.5000,2752.0000,98.7780
01-10-04,178.0000,106.7691,425.5500,16.3900,51.7600,7.1600,2951.0000,1.3630,8.2765,607.2785,3.3221,3140.0000,2847.0000,2900.0000,2664.5000,2830.5000,97.9526
01-11-04,179.0000,122.1332,453.4000,16.3900,49.1300,7.7550,3262.0000,1.2980,8.2765,596.7200,3.3111,2951.0000,3140.0000,2847.0000,2900.0000,2664.5000,106.7691
01-12-04,180.0000,126.1776,438.0000,16.3900,43.4600,6.8150,3279.5000,1.3029,8.2765,576.1700,3.2818,3262.0000,2951.0000,3140.0000,2847.0000,2900.0000,122.1332
01-01-05,181.0000,106.0273,422.1500,28.1100,48.2000,6.7200,3275.5000,1.3041,8.2765,574.1195,3.2691,3279.5000,3262.0000,2951.0000,3140.0000,2847.0000,126.1776
01-02-05,182.0000,106.4398,435.4500,28.1100,51.7500,7.3500,3405.0000,1.2801,8.2765,573.5840,3.2597,3275.5000,3279.5000,3262.0000,2951.0000,3140.0000,106.0273
01-03-05,183.0000,109.4125,427.5000,28.1100,55.4000,7.1875,3408.0000,1.2742,8.2765,586.4827,3.2602,3405.0000,3275.5000,3279.5000,3262.0000,2951.0000,106.4398
01-04-05,184.0000,106.0965,435.7000,28.1100,49.7200,6.9800,3348.5000,1.2923,8.2765,580.4557,3.2589,3408.0000,3405.0000,3275.5000,3279.5000,3262.0000,109.4125
01-05-05,185.0000,85.1343,414.4500,28.1100,51.9700,7.1300,3214.0000,1.3050,8.2765,578.3090,3.2558,3348.5000,3408.0000,3405.0000,3275.5000,3279.5000,106.0965
01-06-05,186.0000,56.4340,437.1000,28.1100,56.5000,7.1000,3597.0000,1.3043,8.2765,585.4733,3.2534,3214.0000,3348.5000,3408.0000,3405.0000,3275.5000,85.1343
01-07-05,187.0000,34.6084,429.0000,28.1100,60.5700,7.1450,3775.0000,1.3291,8.2264,575.7662,3.2528,3597.0000,3214.0000,3348.5000,3408.0000,3405.0000,56.4340
01-08-05,188.0000,33.5724,433.2500,28.1100,68.9500,6.7400,3915.0000,1.3134,8.1017,546.6095,3.2579,3775.0000,3597.0000,3214.0000,3348.5000,3408.0000,34.6084
01-09-05,189.0000,56.3112,473.2500,28.1100,66.2500,7.5300,3949.0000,1.3070,8.0919,536.7005,3.3084,3915.0000,3775.0000,3597.0000,3214.0000,3348.5000,33.5724
01-10-05,190.0000,68.3096,470.7500,28.1100,59.7700,7.7650,4091.0000,1.3271,8.0895,535.4970,3.3819,3949.0000,3915.0000,3775.0000,3597.0000,3214.0000,56.3112
01-11-05,191.0000,60.9106,495.6500,28.1100,57.3300,8.2100,4404.5000,1.3600,8.0840,529.8814,3.3770,4091.0000,3949.0000,3915.0000,3775.0000,3597.0000,68.3096
01-12-05,192.0000,49.6056,513.0000,28.1100,61.0400,8.8300,4584.5000,1.3472,8.0755,514.3310,3.4253,4404.5000,4091.0000,3949.0000,3915.0000,3775.0000,60.9106
01-01-06,193.0000,35.2405,568.7500,33.4500,67.9300,9.9100,4919.5000,1.3324,8.0654,524.4768,3.3943,4584.5000,4404.5000,4091.0000,3949.0000,3915.0000,49.6056
01-02-06,194.0000,43.0940,556.0000,33.4500,61.4200,9.6950,4839.0000,1.3481,8.0512,525.7045,3.2896,4919.5000,4584.5000,4404.5000,4091.0000,3949.0000,35.2405
01-03-06,195.0000,49.2578,582.0000,33.4500,66.6600,11.7550,5527.5000,1.3763,8.0350,528.7709,3.3403,4839.0000,4919.5000,4584.5000,4404.5000,4091.0000,43.0940
01-04-06,196.0000,43.6298,644.0000,33.4500,71.8900,12.5550,7230.0000,1.3570,8.0143,517.3263,3.3323,5527.5000,4839.0000,4919.5000,4584.5000,4404.5000,49.2578
01-05-06,197.0000,42.5589,653.0000,33.4500,71.2900,13.1300,8140.0000,1.3091,8.0131,520.7941,3.2800,7230.0000,5527.5000,4839.0000,4919.5000,4584.5000,43.6298
01-06-06,198.0000,53.1838,613.5000,33.4500,73.9800,10.7000,7501.0000,1.3515,8.0042,542.4600,3.2646,8140.0000,7230.0000,5527.5000,4839.0000,4919.5000,42.5589
01-07-06,199.0000,64.3298,632.5000,33.4500,74.4100,11.4400,7850.5000,1.3284,7.9897,540.6205,3.2437,7501.0000,8140.0000,7230.0000,5527.5000,4839.0000,53.1838
01-08-06,200.0000,83.0194,623.5000,33.4500,70.2700,12.6000,7647.0000,1.3104,7.9722,538.5273,3.2350,7850.5000,7501.0000,8140.0000,7230.0000,5527.5000,64.3298
01-09-06,201.0000,92.7947,599.2500,33.4500,62.9200,11.5500,7601.0000,1.3247,7.9334,538.6526,3.2484,7647.0000,7850.5000,7501.0000,8140.0000,7230.0000,83.0194
01-10-06,202.0000,93.1318,603.7500,33.4500,58.7400,12.0800,7410.0000,1.3256,7.9018,530.9548,3.2380,7601.0000,7647.0000,7850.5000,7501.0000,8140.0000,92.7947
01-11-06,203.0000,97.1904,646.7000,33.4500,63.1400,13.6800,6936.0000,1.2940,7.8622,527.4371,3.2226,7410.0000,7601.0000,7647.0000,7850.5000,7501.0000,93.1318
01-12-06,204.0000,100.2375,635.7000,33.4500,61.0600,12.9000,6290.0000,1.2726,7.8219,527.5821,3.2060,6936.0000,7410.0000,7601.0000,7647.0000,7850.5000,97.1904
01-01-07,205.0000,103.1013,650.5000,36.6300,58.1500,13.3600,5651.0000,1.2778,7.7876,540.5100,3.1930,6290.0000,6936.0000,7410.0000,7601.0000,7647.0000,100.2375
01-02-07,206.0000,101.4345,664.2000,36.6300,61.8000,14.3100,5980.0000,1.2771,7.7502,542.2665,3.1908,5651.0000,6290.0000,6936.0000,7410.0000,7601.0000,103.1013
01-03-07,207.0000,116.3399,661.7500,36.6300,65.8800,13.3500,6940.0000,1.2607,7.7369,538.4877,3.1862,5980.0000,5651.0000,6290.0000,6936.0000,7410.0000,101.4345
01-04-07,208.0000,127.8209,677.0000,36.6300,65.7100,13.5000,7824.5000,1.2088,7.7247,532.3010,3.1787,6940.0000,5980.0000,5651.0000,6290.0000,6936.0000,116.3399
01-05-07,209.0000,138.2450,659.1000,36.6300,64.0200,13.2500,7440.5000,1.2115,7.6773,522.0162,3.1680,7824.5000,6940.0000,5980.0000,5651.0000,6290.0000,127.8209
01-06-07,210.0000,127.8194,650.5000,36.6300,70.6900,12.5400,7650.0000,1.1872,7.6333,526.7190,3.1707,7440.5000,7824.5000,6940.0000,5980.0000,5651.0000,138.2450
01-07-07,211.0000,140.7865,665.5000,36.6300,78.2200,12.9300,8159.0000,1.1525,7.5757,519.8045,3.1614,7650.0000,7440.5000,7824.5000,6940.0000,5980.0000,127.8194
01-08-07,212.0000,149.9776,672.0000,36.6300,74.0500,11.9500,7580.0000,1.2061,7.5734,522.9227,3.1588,8159.0000,7650.0000,7440.5000,7824.5000,6940.0000,140.7865
01-09-07,213.0000,167.2545,743.0000,36.6300,81.6700,13.6500,8165.0000,1.1819,7.5210,516.9112,3.1365,7580.0000,8159.0000,7650.0000,7440.5000,7824.5000,149.9776
01-10-07,214.0000,186.6590,789.5000,36.6300,94.5400,14.3200,7761.0000,1.1116,7.5019,501.4427,3.0203,8165.0000,7580.0000,8159.0000,7650.0000,7440.5000,167.2545
01-11-07,215.0000,187.1667,783.5000,36.6300,88.7200,14.2300,6956.0000,1.1159,7.4210,506.9514,3.0016,7761.0000,8165.0000,7580.0000,8159.0000,7650.0000,186.6590
01-12-07,216.0000,180.2839,836.5000,36.6300,96.0100,14.7600,6676.5000,1.1469,7.3682,499.2768,2.9816,6956.0000,7761.0000,8165.0000,7580.0000,8159.0000,187.1667
01-01-08,217.0000,148.3076,923.2500,60.8000,91.7600,16.7400,7170.5000,1.1334,7.2405,480.8964,2.9510,6676.5000,6956.0000,7761.0000,8165.0000,7580.0000,180.2839
01-02-08,218.0000,144.0152,971.5000,60.8000,101.8500,19.6200,8540.5000,1.0949,7.1644,467.2171,2.9063,7170.5000,6676.5000,6956.0000,7761.0000,8165.0000,148.3076
01-03-08,219.0000,159.7771,933.5000,60.8000,101.5900,17.9900,8520.0000,1.0845,7.0722,442.9420,2.8119,8540.5000,7170.5000,6676.5000,6956.0000,7761.0000,144.0152
01-04-08,220.0000,162.4512,871.0000,60.8000,113.4600,16.4700,8655.0000,1.0742,6.9997,446.4336,2.7495,8520.0000,8540.5000,7170.5000,6676.5000,6956.0000,159.7771
01-05-08,221.0000,188.9186,885.7500,60.8000,127.3500,16.8500,8105.0000,1.0535,6.9725,470.1000,2.8054,8655.0000,8520.0000,8540.5000,7170.5000,6676.5000,162.4512
01-06-08,222.0000,182.3591,930.2500,60.8000,140.0000,17.6500,8775.5000,1.0514,6.8993,493.6124,2.8929,8105.0000,8655.0000,8520.0000,8540.5000,7170.5000,188.9186
01-07-08,223.0000,168.1423,918.0000,60.8000,124.0800,17.4800,8260.5000,1.0395,6.8355,502.2414,2.8492,8775.5000,8105.0000,8655.0000,8520.0000,8540.5000,182.3591
01-08-08,224.0000,149.6361,833.0000,60.8000,115.9600,13.7600,7510.0000,1.1344,6.8462,516.7020,2.8934,8260.5000,8775.5000,8105.0000,8655.0000,8520.0000,168.1423
01-09-08,225.0000,109.9696,884.5000,60.8000,100.6400,12.9600,6419.0000,1.2243,6.8307,530.1700,2.9668,7510.0000,8260.5000,8775.5000,8105.0000,8655.0000,149.6361
01-10-08,226.0000,9.7778,730.7500,60.8000,67.8100,9.2800,3995.0000,1.4556,6.8358,618.3945,3.0771,6419.0000,7510.0000,8260.5000,8775.5000,8105.0000,109.9696
01-11-08,227.0000,-67.4600,814.5000,60.8000,54.4400,10.1200,3581.0000,1.5172,6.8281,651.5055,3.0928,3995.0000,6419.0000,7510.0000,8260.5000,8775.5000,9.7778
01-12-08,228.0000,-76.2070,865.0000,71.7000,44.6000,10.7900,2902.0000,1.4883,6.8539,649.3165,3.1148,3581.0000,3995.0000,6419.0000,7510.0000,8260.5000,-67.4600
01-01-09,229.0000,-56.5708,919.5000,73.4000,41.6800,12.5100,3106.0000,1.4806,6.8360,623.0076,3.1518,2902.0000,3581.0000,3995.0000,6419.0000,7510.0000,-76.2070
01-02-09,230.0000,12.8763,952.0000,72.7000,44.7600,13.2100,3390.0000,1.5375,6.8363,605.9980,3.2369,3106.0000,2902.0000,3581.0000,3995.0000,6419.0000,-56.5708
01-03-09,231.0000,20.6689,916.5000,59.6000,49.6600,13.1100,4035.0000,1.5002,6.8360,592.9314,3.1754,3390.0000,3106.0000,2902.0000,3581.0000,3995.0000,12.8763
01-04-09,232.0000,4.1624,883.2500,60.6000,51.1200,12.6300,4515.0000,1.3970,6.8306,583.1757,3.0858,4035.0000,3390.0000,3106.0000,2902.0000,3581.0000,20.6689
01-05-09,233.0000,46.7753,975.5000,65.0000,66.3100,15.5200,4776.0000,1.3075,6.8235,565.7179,2.9944,4515.0000,4035.0000,3390.0000,3106.0000,2902.0000,4.1624
01-06-09,234.0000,87.0010,934.5000,78.2000,69.8900,13.9400,5108.0000,1.2461,6.8334,553.0800,2.9910,4776.0000,4515.0000,4035.0000,3390.0000,3106.0000,46.7753
01-07-09,235.0000,74.3459,939.0000,95.3000,69.4500,13.6300,5750.0000,1.2424,6.8317,540.4205,3.0132,5108.0000,4776.0000,4515.0000,4035.0000,3390.0000,87.0010
01-08-09,236.0000,51.6911,955.5000,85.8000,69.9600,14.5400,6490.5000,1.1972,6.8323,546.8843,2.9512,5750.0000,5108.0000,4776.0000,4515.0000,4035.0000,74.3459
01-09-09,237.0000,38.3792,995.7500,85.9000,70.6100,16.4500,6136.0000,1.1598,6.8277,549.0710,2.9103,6490.5000,5750.0000,5108.0000,4776.0000,4515.0000,51.6911
01-10-09,238.0000,53.7750,1040.0000,88.4000,77.0000,16.5700,6575.0000,1.1029,6.8267,545.8329,2.8726,6136.0000,6490.5000,5750.0000,5108.0000,4776.0000,38.3792
01-11-09,239.0000,89.7347,1175.7500,101.6000,77.2800,18.1400,6814.5000,1.0873,6.8271,507.7814,2.8856,6575.0000,6136.0000,6490.5000,5750.0000,5108.0000,53.7750
01-12-09,240.0000,80.0168,1104.0000,118.2000,79.3600,16.9900,7346.0000,1.1085,6.8275,501.4500,2.8784,6814.5000,6575.0000,6136.0000,6490.5000,5750.0000,89.7347
01-01-10,241.0000,68.1145,1078.5000,120.0000,72.8900,16.2900,6854.0000,1.0957,6.8269,500.6625,2.8573,7346.0000,6814.5000,6575.0000,6136.0000,6490.5000,80.0168
01-02-10,242.0000,51.5717,1108.2500,133.1000,79.6600,16.1200,7072.0000,1.1291,6.8285,532.5570,2.8548,6854.0000,7346.0000,6814.5000,6575.0000,6136.0000,68.1145
01-03-10,243.0000,69.7302,1115.5000,153.6000,83.7600,17.5000,7830.0000,1.0961,6.8262,523.1626,2.8403,7072.0000,6854.0000,7346.0000,6814.5000,6575.0000,51.5717
01-04-10,244.0000,64.6231,1179.2500,172.9000,86.1500,18.6200,7365.0000,1.0797,6.8256,520.6243,2.8407,7830.0000,7072.0000,6854.0000,7346.0000,6814.5000,69.7302
01-05-10,245.0000,88.0508,1207.5000,145.2000,73.9700,18.5300,6926.0000,1.1477,6.8275,533.2065,2.8461,7365.0000,7830.0000,7072.0000,6854.0000,7346.0000,64.6231
01-06-10,246.0000,66.5150,1244.0000,138.9000,75.6300,18.7400,6515.0000,1.1711,6.8184,536.6681,2.8387,6926.0000,7365.0000,7830.0000,7072.0000,6854.0000,88.0508
01-07-10,247.0000,18.4513,1169.0000,136.3000,78.9500,17.6600,7195.0000,1.1382,6.7762,531.7214,2.8234,6515.0000,6926.0000,7365.0000,7830.0000,7072.0000,66.5150
01-08-10,248.0000,42.6313,1246.0000,141.5000,71.9200,18.8700,7355.5000,1.1106,6.7873,509.3241,2.8025,7195.0000,6515.0000,6926.0000,7365.0000,7830.0000,18.4513
01-09-10,249.0000,53.7900,1307.0000,141.1000,79.9700,22.0700,8053.5000,1.0641,6.7396,493.9330,2.7911,7355.5000,7195.0000,6515.0000,6926.0000,7365.0000,42.6313
01-10-10,250.0000,52.6466,1346.7500,149.1000,81.4300,23.9600,8225.0000,1.0185,6.6678,484.0415,2.7921,8053.5000,7355.5000,7195.0000,6515.0000,6926.0000,53.7900
01-11-10,251.0000,37.6929,1383.5000,167.8000,84.1100,27.1300,8375.0000,1.0112,6.6538,482.3167,2.8061,8225.0000,8053.5000,7355.5000,7195.0000,6515.0000,52.6466
01-12-10,252.0000,24.1101,1410.2500,170.1000,91.3800,30.6300,9739.5000,1.0072,6.6497,474.7781,2.8164,8375.0000,8225.0000,8053.5000,7355.5000,7195.0000,37.6929
01-01-11,253.0000,-13.1829,1327.0000,185.6000,92.1900,27.7500,9720.0000,1.0038,6.5964,489.4410,2.7878,9739.5000,8375.0000,8225.0000,8053.5000,7355.5000,24.1101
01-02-11,254.0000,-30.4212,1411.0000,182.8000,96.9700,33.4900,9857.5000,0.9917,6.5761,475.6910,2.7712,9720.0000,9739.5000,8375.0000,8225.0000,8053.5000,-13.1829
01-03-11,255.0000,-7.3296,1439.0000,172.4000,106.7200,37.8700,9399.5000,0.9888,6.5645,479.6522,2.7799,9857.5000,9720.0000,9739.5000,8375.0000,8225.0000,-30.4212
01-04-11,256.0000,-18.2210,1535.5000,181.5000,113.9300,48.7000,9370.5000,0.9445,6.5267,471.3200,2.8163,9399.5000,9857.5000,9720.0000,9739.5000,8375.0000,-7.3296
01-05-11,257.0000,-17.6762,1536.5000,169.8000,102.7000,38.6500,9224.5000,0.9368,6.4957,467.7286,2.7756,9370.5000,9399.5000,9857.5000,9720.0000,9739.5000,-18.2210
01-06-11,258.0000,-11.7061,1505.5000,166.8000,95.4200,35.0200,9301.0000,0.9419,6.4746,469.4119,2.7647,9224.5000,9370.5000,9399.5000,9857.5000,9720.0000,-17.6762
01-07-11,259.0000,-16.6423,1628.5000,175.5000,95.7000,39.6300,9731.0000,0.9276,6.4575,462.9371,2.7419,9301.0000,9224.5000,9370.5000,9399.5000,9857.5000,-11.7061
01-08-11,260.0000,-15.2350,1813.5000,179.9000,88.8100,41.3500,9197.0000,0.9522,6.4036,466.7905,2.7400,9731.0000,9301.0000,9224.5000,9370.5000,9399.5000,-16.6423
01-09-11,261.0000,13.0012,1620.0000,171.3000,79.2000,30.4500,7131.5000,0.9785,6.3885,483.6938,2.7443,9197.0000,9731.0000,9301.0000,9224.5000,9370.5000,-15.2350
01-10-11,262.0000,24.9745,1722.0000,118.4000,93.1900,34.2400,7900.5000,0.9835,6.3710,511.7442,2.7324,7131.5000,9197.0000,9731.0000,9301.0000,9224.5000,13.0012
01-11-11,263.0000,12.8023,1746.0000,130.9000,100.3600,31.3500,7405.5000,0.9889,6.3564,508.4376,2.7056,7900.5000,7131.5000,9197.0000,9731.0000,9301.0000,24.9745
01-12-11,264.0000,14.7524,1574.5000,138.5000,98.8300,28.1800,7554.0000,0.9879,6.3482,517.1719,2.6969,7405.5000,7900.5000,7131.5000,9197.0000,9731.0000,12.8023
01-01-12,265.0000,-44.0228,1744.0000,142.4000,98.4800,33.6000,8485.5000,0.9602,6.3172,501.3395,2.6933,7554.0000,7405.5000,7900.5000,7131.5000,9197.0000,14.7524
01-02-12,266.0000,-83.2279,1770.0000,143.0000,107.0700,37.2300,8585.0000,0.9318,6.2997,481.4886,2.6842,8485.5000,7554.0000,7405.5000,7900.5000,7131.5000,-44.0228
01-03-12,267.0000,-63.1818,1662.5000,147.6000,103.0200,32.4300,8480.0000,0.9500,6.3125,485.3955,2.6716,8585.0000,8485.5000,7554.0000,7405.5000,7900.5000,-83.2279
01-04-12,268.0000,-45.9470,1651.2500,145.4000,104.8700,31.2000,8529.5000,0.9662,6.3043,486.0010,2.6577,8480.0000,8585.0000,8485.5000,7554.0000,7405.5000,-63.1818
01-05-12,269.0000,-37.9601,1558.0000,134.8000,86.5300,28.1000,7517.0000,1.0020,6.3242,497.0881,2.6700,8529.5000,8480.0000,8585.0000,8485.5000,7554.0000,-45.9470
01-06-12,270.0000,-53.8213,1598.5000,134.0000,84.9600,27.0800,7604.5000,1.0014,6.3633,505.6281,2.6712,7517.0000,8529.5000,8480.0000,8585.0000,8485.5000,-37.9601
01-07-12,271.0000,-41.7310,1622.0000,117.0000,88.0600,28.2000,7581.0000,0.9709,6.3717,491.9345,2.6358,7604.5000,7517.0000,8529.5000,8480.0000,8585.0000,-53.8213
01-08-12,272.0000,-74.9732,1648.5000,89.4000,96.4700,30.5200,7576.5000,0.9547,6.3593,480.9941,2.6165,7581.0000,7604.5000,7517.0000,8529.5000,8480.0000,-41.7310
01-09-12,273.0000,-82.6134,1776.0000,104.2000,92.1900,34.6500,8267.5000,0.9610,6.3200,474.9718,2.6033,7576.5000,7581.0000,7604.5000,7517.0000,8529.5000,-74.9732
01-10-12,274.0000,-52.9257,1719.0000,119.3000,86.2400,32.2800,7819.0000,0.9711,6.2627,475.3627,2.5881,8267.5000,7576.5000,7581.0000,7604.5000,7517.0000,-82.6134
01-11-12,275.0000,-45.2854,1726.0000,115.6000,88.9100,34.2800,7949.0000,0.9611,6.2338,480.5705,2.5992,7819.0000,8267.5000,7576.5000,7581.0000,7604.5000,-52.9257
01-12-12,276.0000,-63.1270,1664.0000,144.9000,91.8200,29.9500,7915.0000,0.9556,6.2328,477.1284,2.5676,7949.0000,7819.0000,8267.5000,7576.5000,7581.0000,-45.2854
01-01-13,277.0000,-73.6346,1664.7500,152.5000,97.4900,32.0300,8170.0000,0.9524,6.2215,472.6686,2.5524,7915.0000,7949.0000,7819.0000,8267.5000,7576.5000,-63.1270
01-02-13,278.0000,-77.3952,1588.5000,151.7000,92.0500,28.9500,7828.0000,0.9699,6.2323,472.3445,2.5785,8170.0000,7915.0000,7949.0000,7819.0000,8267.5000,-73.6346
01-03-13,279.0000,-60.7322,1598.2500,137.3000,97.2300,28.6400,7582.5000,0.9667,6.2154,472.4840,2.5945,7828.0000,8170.0000,7915.0000,7949.0000,7819.0000,-77.3952
01-04-13,280.0000,-60.5981,1469.0000,134.1000,93.4600,24.4200,7073.5000,0.9634,6.1861,472.1373,2.5980,7582.5000,7828.0000,8170.0000,7915.0000,7949.0000,-60.7322
01-05-13,281.0000,-63.0966,1394.5000,110.4000,91.9700,22.5700,7241.0000,1.0082,6.1416,479.5829,2.6457,7073.5000,7582.5000,7828.0000,8170.0000,7915.0000,-60.5981
01-06-13,282.0000,-53.2141,1192.0000,116.5000,96.5600,18.8600,6750.5000,1.0593,6.1342,502.8860,2.7484,7241.0000,7073.5000,7582.5000,7828.0000,8170.0000,-63.0966
01-07-13,283.0000,-35.4982,1314.5000,129.9000,105.0300,19.9400,6805.0000,1.0923,6.1343,504.9623,2.7781,6750.5000,7241.0000,7073.5000,7582.5000,7828.0000,-53.2141
01-08-13,284.0000,-38.7408,1394.7500,137.7000,107.9300,23.6400,7095.0000,1.1066,6.1213,512.5886,2.8025,6805.0000,6750.5000,7241.0000,7073.5000,7582.5000,-35.4982
01-09-13,285.0000,4.8543,1326.5000,131.4000,102.3500,21.6800,7290.5000,1.0749,6.1198,504.5700,2.7798,7095.0000,6805.0000,6750.5000,7241.0000,7073.5000,-38.7408
01-10-13,286.0000,16.3511,1324.0000,131.9000,96.2700,22.2000,7234.0000,1.0505,6.1032,500.8064,2.7701,7290.5000,7095.0000,6805.0000,6750.5000,7241.0000,4.8543
01-11-13,287.0000,-2.5687,1253.0000,136.4000,92.4800,19.9300,7027.0000,1.0725,6.0929,519.2500,2.7992,7234.0000,7290.5000,7095.0000,6805.0000,6750.5000,16.3511
01-12-13,288.0000,30.7804,1201.5000,134.2000,98.0400,19.5000,7394.5000,1.1136,6.0738,529.4505,2.7861,7027.0000,7234.0000,7290.5000,7095.0000,6805.0000,-2.5687
01-01-14,289.0000,-8.4501,1251.0000,122.6000,97.5300,19.3100,7091.0000,1.1289,6.0509,537.0295,2.8098,7394.5000,7027.0000,7234.0000,7290.5000,7095.0000,30.7804
01-02-14,290.0000,-33.9954,1326.5000,118.1000,102.8300,21.2700,7097.5000,1.1143,6.0816,554.4085,2.8135,7091.0000,7394.5000,7027.0000,7234.0000,7290.5000,-8.4501
01-03-14,291.0000,-7.6402,1291.7500,116.8000,101.5500,19.9700,6636.0000,1.1002,6.1729,563.8433,2.8071,7097.5000,7091.0000,7394.5000,7027.0000,7234.0000,-33.9954
01-04-14,292.0000,-42.7100,1288.5000,105.4000,100.0600,19.2800,6724.0000,1.0735,6.2246,554.6410,2.7953,6636.0000,7097.5000,7091.0000,7394.5000,7027.0000,-7.6402
01-05-14,293.0000,-48.0289,1250.5000,91.8000,103.3000,19.0000,6995.5000,1.0747,6.2380,555.4020,2.7878,6724.0000,6636.0000,7097.5000,7091.0000,7394.5000,-42.7100
01-06-14,294.0000,-56.3958,1315.0000,93.8000,105.3700,20.8700,6955.0000,1.0678,6.2306,553.0633,2.7951,6995.5000,6724.0000,6636.0000,7097.5000,7091.0000,-48.0289
01-07-14,295.0000,-69.9549,1285.2500,95.6000,98.2300,20.6900,7135.5000,1.0651,6.1984,558.2082,2.7870,6955.0000,6995.5000,6724.0000,6636.0000,7097.5000,-56.3958
01-08-14,296.0000,-53.4002,1285.7500,87.9000,97.6800,19.4700,6995.0000,1.0742,6.1541,579.0520,2.8154,7135.5000,6955.0000,6995.5000,6724.0000,6636.0000,-69.9549
01-09-14,297.0000,-35.1697,1216.5000,77.5000,91.1600,17.1100,6736.0000,1.1060,6.1382,593.4680,2.8650,6995.0000,7135.5000,6955.0000,6995.5000,6724.0000,-53.4002
01-10-14,298.0000,-36.9430,1164.2500,78.5000,80.4800,16.2000,6835.5000,1.1388,6.1251,589.9800,2.9072,6736.0000,6995.0000,7135.5000,6955.0000,6995.5000,-35.1697
01-11-14,299.0000,-17.5280,1182.7500,69.8000,65.8900,15.9700,6515.5000,1.1569,6.1249,592.4595,2.9263,6835.5000,6736.0000,6995.0000,7135.5000,6955.0000,-36.9430
01-12-14,300.0000,-55.2073,1199.2500,71.2000,53.4000,15.9700,6359.0000,1.2111,6.1886,612.9190,2.9631,6515.5000,6835.5000,6736.0000,6995.0000,7135.5000,-17.5280
01-01-15,301.0000,-77.0614,1260.2500,61.7000,48.1700,16.9200,5505.0000,1.2401,6.2181,620.9095,3.0070,6359.0000,6515.5000,6835.5000,6736.0000,6995.0000,-55.2073
01-02-15,302.0000,-106.7472,1214.0000,63.0000,49.6000,16.5300,5880.5000,1.2825,6.2518,623.6175,3.0802,5505.0000,6359.0000,6515.5000,6835.5000,6736.0000,-77.0614
01-03-15,303.0000,-100.2941,1187.0000,51.0000,47.7200,16.6000,6050.5000,1.2947,6.2386,628.5032,3.0931,5880.5000,5505.0000,6359.0000,6515.5000,6835.5000,-106.7472
01-04-15,304.0000,-97.5953,1180.2500,56.2000,59.5400,16.5200,6245.0000,1.2920,6.2010,614.7276,3.1215,6050.5000,5880.5000,5505.0000,6359.0000,6515.5000,-100.2941
01-05-15,305.0000,-96.8086,1191.4000,61.4000,60.2600,16.6700,6088.5000,1.2673,6.2035,607.5968,3.1517,6245.0000,6050.5000,5880.5000,5505.0000,6359.0000,-97.5953
01-06-15,306.0000,-81.1401,1171.0000,59.3000,59.4400,15.7000,5721.0000,1.2962,6.2052,629.9948,3.1624,6088.5000,6245.0000,6050.5000,5880.5000,5505.0000,-96.8086
01-07-15,307.0000,-47.8257,1098.4000,52.9000,47.1100,14.5600,5220.0000,1.3501,6.2085,650.1395,3.1829,5721.0000,6088.5000,6245.0000,6050.5000,5880.5000,-81.1401
01-08-15,308.0000,-38.8150,1135.0000,55.7000,49.1900,14.4400,5095.0000,1.3708,6.3383,688.1157,3.2400,5220.0000,5721.0000,6088.5000,6245.0000,6050.5000,-47.8257
01-09-15,309.0000,-56.5757,1114.0000,54.4000,45.1500,14.6500,5093.0000,1.4166,6.3676,691.7290,3.2205,5095.0000,5220.0000,5721.0000,6088.5000,6245.0000,-38.8150
01-10-15,310.0000,-67.9011,1142.3500,49.5000,46.6000,15.6300,5135.5000,1.3889,6.3505,685.3143,3.2503,5093.0000,5095.0000,5220.0000,5721.0000,6088.5000,-56.5757
01-11-15,311.0000,-98.7498,1061.9000,42.8000,41.6400,14.0800,4595.5000,1.3994,6.3640,704.0024,3.3385,5135.5000,5093.0000,5095.0000,5220.0000,5721.0000,-67.9011
01-12-15,312.0000,-109.9426,1062.2500,42.9000,37.1300,13.8200,4702.0000,1.3799,6.4491,704.2380,3.3851,4595.5000,5135.5000,5093.0000,5095.0000,5220.0000,-98.7498
01-01-16,313.0000,-139.2928,1111.8000,41.5000,33.6700,14.0800,4541.5000,1.4263,6.5726,721.9480,3.4389,4702.0000,4595.5000,5135.5000,5093.0000,5095.0000,-109.9426
01-02-16,314.0000,-162.0024,1234.9000,48.9000,33.8200,14.7500,4705.0000,1.4017,6.5501,704.0848,3.5075,4541.5000,4702.0000,4595.5000,5135.5000,5093.0000,-139.2928
01-03-16,315.0000,-139.9136,1237.0000,53.2000,38.2900,15.3800,4855.5000,1.3326,6.5027,682.0677,3.4098,4705.0000,4541.5000,4702.0000,4595.5000,5135.5000,-162.0024
01-04-16,316.0000,-94.0901,1285.6500,65.2000,45.9600,17.8550,5045.0000,1.3048,6.4754,669.9324,3.3033,4855.5000,4705.0000,4541.5000,4702.0000,4595.5000,-139.9136
01-05-16,317.0000,-92.1366,1212.1000,49.6000,49.1000,16.0600,4700.0000,1.3665,6.5259,681.8705,3.3362,5045.0000,4855.5000,4705.0000,4541.5000,4702.0000,-94.0901
01-06-16,318.0000,-94.2096,1320.7500,54.2000,48.2200,18.3600,4827.0000,1.3512,6.5892,681.0719,3.3184,4700.0000,5045.0000,4855.5000,4705.0000,4541.5000,-92.1366
01-07-16,319.0000,-78.8255,1342.0000,58.8000,41.4900,20.0400,4853.0000,1.3282,6.6771,657.5671,3.3007,4827.0000,4700.0000,5045.0000,4855.5000,4705.0000,-94.2096
01-08-16,320.0000,-83.8479,1309.2500,59.0000,44.7100,18.7400,4602.5000,1.3108,6.6466,658.8905,3.3354,4853.0000,4827.0000,4700.0000,5045.0000,4855.5000,-78.8255
01-09-16,321.0000,-63.2320,1322.5000,55.2000,48.1100,19.3500,4832.0000,1.3173,6.6702,668.6324,3.3845,4602.5000,4853.0000,4827.0000,4700.0000,5045.0000,-83.8479
01-10-16,322.0000,-58.5008,1272.0000,63.8000,46.8400,17.7600,4827.5000,1.3132,6.7303,663.9221,3.3877,4832.0000,4602.5000,4853.0000,4827.0000,4700.0000,-63.2320
01-11-16,323.0000,-37.4164,1178.1000,73.5000,49.4000,16.6700,5740.0000,1.3277,6.8402,666.1176,3.4052,4827.5000,4832.0000,4602.5000,4853.0000,4827.0000,-58.5008
01-12-16,324.0000,-39.6049,1159.1000,81.8000,53.7500,16.2400,5501.0000,1.3613,6.9198,667.1681,3.3980,5740.0000,4827.5000,4832.0000,4602.5000,4853.0000,-37.4164
01-01-17,325.0000,-54.4231,1212.8000,84.0000,52.7600,17.2900,5921.0000,1.3396,6.8907,661.1943,3.3419,5501.0000,5740.0000,4827.5000,4832.0000,4602.5000,-39.6049
01-02-17,326.0000,-72.1877,1255.6000,91.2000,54.0100,18.2800,5936.0000,1.3048,6.8694,643.2095,3.2619,5921.0000,5501.0000,5740.0000,4827.5000,4832.0000,-54.4231
01-03-17,327.0000,-31.2351,1244.8500,79.8000,50.4900,18.0600,5849.0000,1.3120,6.8940,661.2026,3.2655,5936.0000,5921.0000,5501.0000,5740.0000,4827.5000,-72.1877
01-04-17,328.0000,-24.3829,1266.4500,67.8000,49.3100,17.4100,5688.5000,1.3273,6.8876,655.7433,3.2488,5849.0000,5936.0000,5921.0000,5501.0000,5740.0000,-31.2351
01-05-17,329.0000,-46.8981,1266.2000,57.8000,48.2400,17.3100,5615.5000,1.3446,6.8843,671.5395,3.2745,5688.5000,5849.0000,5936.0000,5921.0000,5501.0000,-24.3829
01-06-17,330.0000,-59.1317,1242.2500,63.9000,46.0200,16.4700,5907.5000,1.3224,6.8066,665.1533,3.2695,5615.5000,5688.5000,5849.0000,5936.0000,5921.0000,-46.8981
01-07-17,331.0000,-53.8098,1267.5500,73.8000,50.1600,16.7600,6347.0000,1.2809,6.7694,658.1714,3.2505,5907.5000,5615.5000,5688.5000,5849.0000,5936.0000,-59.1317
01-08-17,332.0000,-30.9044,1311.7500,77.2000,47.2100,17.3400,6792.0000,1.2634,6.6670,644.2418,3.2428,6347.0000,5907.5000,5615.5000,5688.5000,5849.0000,-53.8098
01-09-17,333.0000,-13.4996,1283.1000,61.7000,51.6200,16.8600,6485.0000,1.2541,6.5690,625.5416,3.2476,6792.0000,6347.0000,5907.5000,5615.5000,5688.5000,-30.9044
01-10-17,334.0000,-4.9299,1270.1500,58.7000,54.3100,16.8200,6802.0000,1.2840,6.6254,629.5465,3.2525,6485.0000,6792.0000,6347.0000,5907.5000,5615.5000,-13.4996
01-11-17,335.0000,-7.0983,1280.2000,68.1600,57.3500,16.5700,6761.0000,1.3123,6.6200,633.7676,3.2423,6802.0000,6485.0000,6792.0000,6347.0000,5907.5000,-4.9299
01-12-17,336.0000,3.5954,1296.5000,72.4000,60.4100,16.8650,7157.0000,1.3075,6.5932,636.9237,3.2483,6761.0000,6802.0000,6485.0000,6792.0000,6347.0000,-7.0983
01-01-18,337.0000,-23.1532,1345.0500,72.0500,64.7700,17.2300,7100.5000,1.2569,6.4233,605.5286,3.2166,7157.0000,6761.0000,6802.0000,6485.0000,6792.0000,3.5954
01-02-18,338.0000,-33.1866,1317.8500,78.0200,61.4200,16.4400,6953.0000,1.2711,6.3183,596.8390,3.2496,7100.5000,7157.0000,6761.0000,6802.0000,6485.0000,-23.1532
01-03-18,339.0000,-30.4601,1323.8500,64.8900,64.8600,16.2800,6685.0000,1.2888,6.3174,603.4452,3.2533,6953.0000,7100.5000,7157.0000,6761.0000,6802.0000,-33.1866
01-04-18,340.0000,-32.7454,1313.2000,65.6500,68.5100,16.3800,6783.0000,1.3014,6.2967,600.5476,3.2317,6685.0000,6953.0000,7100.5000,7157.0000,6761.0000,-30.4601
01-05-18,341.0000,-19.2426,1305.3500,64.8800,66.9800,16.5500,6825.0000,1.3289,6.3701,626.1190,3.2749,6783.0000,6685.0000,6953.0000,7100.5000,7157.0000,-32.7454
01-06-18,342.0000,-14.7056,1250.4500,64.7300,74.1300,16.0300,6646.0000,1.3337,6.4651,636.1462,3.2722,6825.0000,6783.0000,6685.0000,6953.0000,7100.5000,-19.2426
01-07-18,343.0000,5.3004,1220.9500,67.6700,69.2500,15.4300,6213.0000,1.3508,6.7164,652.4070,3.2785,6646.0000,6825.0000,6783.0000,6685.0000,6953.0000,-14.7056
01-08-18,344.0000,8.8587,1202.4500,66.0300,69.7900,14.6550,6019.0000,1.3652,6.8453,656.2509,3.2896,6213.0000,6646.0000,6825.0000,6783.0000,6685.0000,5.3004
01-09-18,345.0000,-7.8824,1187.2500,68.1100,73.1100,14.3050,6180.0000,1.3877,6.8551,680.9147,3.3129,6019.0000,6213.0000,6646.0000,6825.0000,6783.0000,8.8587
01-10-18,346.0000,-1.3979,1214.9500,73.9600,65.3100,14.3400,6073.0000,1.4063,6.9191,676.8409,3.3354,6180.0000,6019.0000,6213.0000,6646.0000,6825.0000,-7.8824
01-11-18,347.0000,-27.1015,1217.5500,64.7700,50.7800,14.2350,6238.0000,1.3799,6.9367,677.6120,3.3768,6073.0000,6180.0000,6019.0000,6213.0000,6646.0000,-1.3979
01-12-18,348.0000,-15.6751,1281.6500,71.3000,45.1000,15.4650,5965.0000,1.3949,6.8837,681.9868,3.3663,6238.0000,6073.0000,6180.0000,6019.0000,6213.0000,-27.1015
01-01-19,349.0000,-38.2743,1323.2500,84.4500,53.7900,16.0750,6148.0000,1.3984,6.7863,677.0618,3.3454,5965.0000,6238.0000,6073.0000,6180.0000,6019.0000,-15.6751
01-02-19,350.0000,-90.8198,1319.1500,83.4300,57.1600,15.8150,6536.0000,1.4013,6.7367,656.3045,3.3231,6148.0000,5965.0000,6238.0000,6073.0000,6180.0000,-38.2743
01-03-19,351.0000,-83.2054,1295.4000,86.3700,60.1400,15.1000,6485.0000,1.4120,6.7119,667.6786,3.3062,6536.0000,6148.0000,5965.0000,6238.0000,6073.0000,-90.8198
01-04-19,352.0000,-70.6179,1282.3000,93.7900,63.7800,14.9850,6442.0000,1.4063,6.7161,667.3990,3.3056,6485.0000,6536.0000,6148.0000,5965.0000,6238.0000,-83.2054
01-05-19,353.0000,-41.1995,1295.5500,97.7600,53.4400,14.4800,5780.5000,1.4399,6.8519,692.0038,3.3342,6442.0000,6485.0000,6536.0000,6148.0000,5965.0000,-70.6179
01-06-19,354.0000,-28.4781,1409.0000,112.9000,58.1700,15.2200,5972.0000,1.4397,6.8977,692.4090,3.3275,5780.5000,6442.0000,6485.0000,6536.0000,6148.0000,-41.1995
01-07-19,355.0000,18.0332,1427.5500,115.5500,58.4800,16.4750,5926.0000,1.4331,6.8775,686.0595,3.2921,5972.0000,5780.5000,6442.0000,6485.0000,6536.0000,-28.4781
01-08-19,356.0000,23.8688,1528.4000,84.6400,55.0200,18.3850,5678.0000,1.4760,7.0629,713.7033,3.3793,5926.0000,5972.0000,5780.5000,6442.0000,6485.0000,18.0332
01-09-19,357.0000,36.7619,1485.3000,92.2400,54.0400,17.2550,5728.0000,1.4674,7.1137,718.4422,3.3591,5678.0000,5926.0000,5972.0000,5780.5000,6442.0000,23.8688
01-10-19,358.0000,15.5393,1510.9500,82.7500,53.9700,18.0550,5825.0000,1.4710,7.0961,721.0323,3.3615,5728.0000,5678.0000,5926.0000,5972.0000,5780.5000,36.7619
01-11-19,359.0000,-9.7302,1460.1500,86.0100,55.4200,16.9650,5854.0000,1.4648,7.0199,776.5300,3.3737,5825.0000,5728.0000,5678.0000,5926.0000,5972.0000,15.5393
01-12-19,360.0000,-12.5945,1523.0000,90.9200,61.1100,18.0450,6156.0000,1.4520,7.0137,770.3905,3.3574,5854.0000,5825.0000,5728.0000,5678.0000,5926.0000,-9.7302
01-01-20,361.0000,-80.3976,1584.2000,81.3500,51.5800,17.8850,5570.0000,1.4596,6.9184,772.6477,3.3289,6156.0000,5854.0000,5825.0000,5728.0000,5678.0000,-12.5945
01-02-20,362.0000,-122.2250,1609.8500,82.9300,44.7800,17.1850,5573.0000,1.5006,6.9967,796.3795,3.3918,5570.0000,6156.0000,5854.0000,5825.0000,5728.0000,-80.3976
01-03-20,363.0000,-95.1057,1608.9500,82.6900,20.4600,13.9300,4797.0000,1.6082,7.0205,839.3755,3.4938,5573.0000,5570.0000,6156.0000,5854.0000,5825.0000,-122.2250
01-04-20,364.0000,-84.1816,1702.7500,82.3700,18.7300,15.3350,5231.0000,1.5843,7.0708,853.3790,3.4002,4797.0000,5573.0000,5570.0000,6156.0000,5854.0000,-95.1057
01-05-20,365.0000,-114.5211,1728.7000,99.5000,35.5200,17.5900,5332.5000,1.5344,7.1016,821.8053,3.4236,5231.0000,4797.0000,5573.0000,5570.0000,6156.0000,-84.1816
01-06-20,366.0000,-29.6250,1768.1000,98.4500,39.2200,17.8450,6038.0000,1.4495,7.0816,793.7181,3.4719,5332.5000,5231.0000,4797.0000,5573.0000,5570.0000,-114.5211
01-07-20,367.0000,5.4527,1964.9000,108.9000,40.0500,24.0700,6446.5000,1.4205,7.0041,784.7291,3.5192,6038.0000,5332.5000,5231.0000,4797.0000,5573.0000,-29.6250
01-08-20,368.0000,-2.2543,1957.3500,122.5300,42.5600,27.3500,6728.0000,1.3883,6.9270,784.6619,3.5659,6446.5000,6038.0000,5332.5000,5231.0000,4797.0000,5.4527
01-09-20,369.0000,-9.5049,1886.9000,123.9800,40.0000,23.7250,6610.0000,1.3843,6.8106,773.4024,3.5570,6728.0000,6446.5000,6038.0000,5332.5000,5231.0000,-2.2543
01-10-20,370.0000,5.0508,1881.8500,120.1900,35.6200,23.6250,6694.5000,1.4043,6.7254,788.2671,3.5978,6610.0000,6728.0000,6446.5000,6038.0000,5332.5000,-9.5049
01-11-20,371.0000,-27.3543,1762.5500,129.3100,45.1500,22.1500,7674.5000,1.3755,6.6029,762.8848,3.6109,6694.5000,6610.0000,6728.0000,6446.5000,6038.0000,5.0508
01-12-20,372.0000,-22.3749,1891.1000,158.1500,48.3200,26.4850,7741.5000,1.3277,6.5393,734.7330,3.6056,7674.5000,6694.5000,6610.0000,6728.0000,6446.5000,-27.3543
01-01-21,373.0000,6.2837,1863.8000,168.1300,52.1300,27.4150,7877.0000,1.2943,6.4672,723.5560,3.6266,7741.5000,7674.5000,6694.5000,6610.0000,6728.0000,-22.3749
01-02-21,374.0000,-3.9414,1742.8500,165.6100,61.5100,26.6850,9172.5000,1.2898,6.4601,722.6265,3.6476,7877.0000,7741.5000,7674.5000,6694.5000,6610.0000,6.2837
01-03-21,375.0000,25.4050,1691.0500,166.9000,59.1400,24.0000,8850.5000,1.2970,6.5109,726.3661,3.7103,9172.5000,7877.0000,7741.5000,7674.5000,6694.5000,-3.9414
01-04-21,376.0000,45.3227,1767.6500,179.6300,63.4500,25.8750,9949.0000,1.2985,6.5186,707.8452,3.7036,8850.5000,9172.5000,7877.0000,7741.5000,7674.5000,25.4050
01-05-21,377.0000,62.8884,1899.9500,205.7300,66.2600,27.6300,10159.5000,1.2882,6.4321,712.2595,3.7764,9949.0000,8850.5000,9172.5000,7877.0000,7741.5000,45.3227
01-06-21,378.0000,61.1494,1763.1500,214.5500,73.4700,25.7650,9385.0000,1.3084,6.4250,726.5445,3.9158,10159.5000,9949.0000,8850.5000,9172.5000,7877.0000,62.8884
01-07-21,379.0000,69.2410,1825.7500,211.9900,73.8100,25.4900,9747.5000,1.3483,6.4763,750.4405,3.9445,9385.0000,10159.5000,9949.0000,8850.5000,9172.5000,61.1494
01-08-21,380.0000,84.4329,1814.8500,159.2500,68.4700,24.0400,9463.0000,1.3691,6.4768,779.8282,4.0900,9747.5000,9385.0000,10159.5000,9949.0000,8850.5000,69.2410
01-09-21,381.0000,98.3841,1742.8000,119.6500,75.2000,21.5300,9041.0000,1.3676,6.4563,783.6262,4.1106,9463.0000,9747.5000,9385.0000,10159.5000,9949.0000,84.4329
01-10-21,382.0000,109.3385,1769.1500,121.2300,83.4500,24.0100,9955.0000,1.3492,6.4172,813.9505,4.0187,9041.0000,9463.0000,9747.5000,9385.0000,10159.5000,98.3841
01-11-21,383.0000,53.6827,1804.4000,94.9700,66.0400,22.8700,9605.0000,1.3686,6.3889,812.6248,4.0233,9955.0000,9041.0000,9463.0000,9747.5000,9385.0000,109.3385
01-12-21,384.0000,54.9233,1820.1000,112.5000,75.2800,23.0900,9692.0000,1.3976,6.3693,849.1219,4.0423,9605.0000,9955.0000,9041.0000,9463.0000,9747.5000,53.6827
01-01-22,385.0000,6.9706,1795.2500,131.1500,89.0600,22.4900,9620.0000,1.3928,6.3556,822.0500,3.8935,9692.0000,9605.0000,9955.0000,9041.0000,9463.0000,54.9233
01-02-22,386.0000,10.5428,1909.8500,141.9900,95.9800,24.3500,9974.0000,1.3949,6.3436,807.0680,3.7952,9620.0000,9692.0000,9605.0000,9955.0000,9041.0000,6.9706
01-03-22,387.0000,39.1814,1942.1500,150.8400,100.4800,24.8100,10337.0000,1.3561,6.3446,799.1874,3.7429,9974.0000,9620.0000,9692.0000,9605.0000,9955.0000,10.5428
01-04-22,388.0000,28.5232,1911.3000,150.7700,104.5400,23.4400,9820.5000,1.3580,6.4310,815.1230,3.7442,10337.0000,9974.0000,9620.0000,9692.0000,9605.0000,39.1814
01-05-22,389.0000,55.9640,1838.7000,133.5100,114.3300,21.7700,9500.5000,1.4203,6.6990,849.3900,3.7615,9820.5000,10337.0000,9974.0000,9620.0000,9692.0000,28.5232
01-06-22,390.0000,34.0927,1817.0000,130.0000,107.5600,20.4100,8245.0000,1.4235,6.6952,857.7695,3.7517,9500.5000,9820.5000,10337.0000,9974.0000,9620.0000,55.9640
01-07-22,391.0000,20.2967,1753.4000,107.2200,101.0600,20.0600,7800.5000,1.4586,6.7352,953.7062,3.9071,8245.0000,9500.5000,9820.5000,10337.0000,9974.0000,34.0927
01-08-22,392.0000,-18.3646,1715.9000,104.7600,89.9900,17.9450,7721.0000,1.4366,6.8007,904.3523,3.8777,7800.5000,8245.0000,9500.5000,9820.5000,10337.0000,20.2967
01-09-22,393.0000,-13.4362,1671.7500,98.3100,79.7600,19.0200,7647.0000,1.4990,7.0195,921.0075,3.9013,7721.0000,7800.5000,8245.0000,9500.5000,9820.5000,-18.3646
01-10-22,394.0000,6.1191,1639.0000,92.4300,86.4900,19.1650,7525.0000,1.5699,7.1902,955.8947,3.9821,7647.0000,7721.0000,7800.5000,8245.0000,9500.5000,-13.4362
01-11-22,395.0000,-27.3146,1753.5000,93.2500,80.3800,21.5600,8198.0000,1.5161,7.1812,917.0529,3.8809,7525.0000,7647.0000,7721.0000,7800.5000,8245.0000,6.1191
01-12-22,396.0000,-16.0772,1812.3500,111.2800,80.1100,23.9450,8387.0000,1.4819,6.9717,875.6614,3.8346,8198.0000,7525.0000,7647.0000,7721.0000,7800.5000,-27.3146
01-01-23,397.0000,-63.3319,1923.9000,123.3700,78.9000,22.9950,9075.0000,1.4378,6.7904,826.3357,3.8358,8387.0000,8198.0000,7525.0000,7647.0000,7721.0000,-16.0772
01-02-23,398.0000,-95.8502,1824.6000,125.7500,76.8800,20.5250,8844.0000,1.4507,6.8380,798.2575,3.8439,9075.0000,8387.0000,8198.0000,7525.0000,7647.0000,-63.3319
01-03-23,399.0000,-19.5242,1979.7000,127.0600,75.6300,23.8850,8935.0000,1.4979,6.8909,809.5039,3.7823,8844.0000,9075.0000,8387.0000,8198.0000,7525.0000,-95.8502