date,activity,gold,iron,oil,silver,copper,aus,chn,clp,per,copper_L1,copper_L2,copper_L3,copper_L4,copper_L5,activity_L1
01-01-83,-17.709923,499.50,12.54,32.00,13.82,"1,574",1.017708121,1.9238,74.043,1.0536E-06,,,,,,
01-02-83,-12.836213,408.50,12.54,30.02,11.70,"1,649",1.034982405,1.9653,76.383,0.000001114,"1,574",,,,,-17.709923
01-03-83,-9.9478042,414.75,12.54,29.60,10.50,"1,598",1.1313497,1.9834,74.47652174,0.000001196,"1,649","1,574",,,,-12.836213
01-04-83,-7.2604651,429.25,12.54,30.80,11.96,"1,676",1.152604887,1.9938,73.686,1.33155E-06,"1,598","1,649","1,574",,,-9.9478042
01-05-83,-7.4677124,437.50,12.54,30.30,13.55,"1,766",1.138303927,1.9895,75.10136364,1.45715E-06,"1,676","1,598","1,649","1,574",,-7.2604651
01-06-83,-22.406148,416.00,12.54,31.35,11.60,"1,702",1.13999088,1.9949,77.03318182,1.60352E-06,"1,766","1,676","1,598","1,649","1,574",-7.4677124
01-07-83,-33.662619,422.00,12.54,31.95,12.15,"1,704",1.142334933,1.9966,78.25095238,1.72152E-06,"1,702","1,766","1,676","1,598","1,649",-22.406148
01-08-83,-34.707881,414.25,12.54,31.65,11.99,"1,640",1.137268282,1.9843,79.54863636,1.96549E-06,"1,704","1,702","1,766","1,676","1,598",-33.662619
01-09-83,-31.691998,405.00,12.54,30.45,11.24,"1,561",1.126506703,1.9867,81.24285714,2.12573E-06,"1,640","1,704","1,702","1,766","1,676",-34.707881
01-10-83,-28.724944,382.00,12.54,30.25,8.74,"1,435",1.094451133,1.9664,83.34,2.0931E-06,"1,561","1,640","1,704","1,702","1,766",-31.691998
01-11-83,-21.349196,405.00,12.54,29.62,9.81,"1,389",1.091822251,1.994,85.29095238,2.22657E-06,"1,435","1,561","1,640","1,704","1,702",-28.724944
01-12-83,-31.673351,381.50,12.54,29.65,8.91,"1,415",1.110617503,1.992,87.06809524,2.34035E-06,"1,389","1,435","1,561","1,640","1,704",-21.349196
01-01-84,-29.80907,373.75,11.31,30.27,8.43,"1,376",1.103752759,2.049,87.81772727,0.000002469,"1,415","1,389","1,435","1,561","1,640",-31.673351
01-02-84,-23.180155,394.25,11.31,30.62,9.64,"1,429",1.06974754,2.0628,88.12285714,2.6961E-06,"1,376","1,415","1,389","1,435","1,561",-29.80907
01-03-84,-18.933186,388.50,11.31,30.75,9.65,"1,501",1.051193104,2.0646,88.19772727,2.72436E-06,"1,429","1,376","1,415","1,389","1,435",-23.180155
01-04-84,-14.963288,375.80,11.31,30.27,8.96,"1,532",1.083306251,2.0929,88.54789474,2.91685E-06,"1,501","1,429","1,376","1,415","1,389",-18.933186
01-05-84,-15.599702,384.25,11.31,30.82,9.12,"1,420",1.103630946,2.1866,90.19142857,3.32345E-06,"1,532","1,501","1,429","1,376","1,415",-14.963288
01-06-84,-24.454363,373.05,11.31,29.57,8.39,"1,365",1.133016089,2.2178,91.13238095,3.3744E-06,"1,420","1,532","1,501","1,429","1,376",-15.599702
01-07-84,-29.345176,342.35,11.31,27.67,7.11,"1,332",1.198753297,2.2996,91.88909091,3.60552E-06,"1,365","1,420","1,532","1,501","1,429",-24.454363
01-08-84,-28.498087,348.25,11.31,29.33,7.45,"1,338",1.180219521,2.3718,92.69,4.05645E-06,"1,332","1,365","1,420","1,532","1,501",-29.345176
01-09-84,-25.356047,343.75,11.31,29.63,7.44,"1,294",1.203659124,2.5469,100.9447059,4.31505E-06,"1,338","1,332","1,365","1,420","1,532",-28.498087
01-10-84,-24.085954,333.50,11.31,28.38,7.20,"1,272",1.195600191,2.6488,116.3890909,4.39591E-06,"1,294","1,338","1,332","1,365","1,420",-25.356047
01-11-84,-16.54239,329.00,11.31,27.35,7.05,"1,345",1.164415463,2.6785,119.5809524,5.24067E-06,"1,272","1,294","1,338","1,332","1,365",-24.085954
01-12-84,-19.70207,308.30,11.31,26.30,6.29,"1,321",1.19047619,2.7953,126.2342105,5.45447E-06,"1,345","1,272","1,294","1,338","1,332",-16.54239
01-01-85,-23.259128,306.65,11.49,26.05,6.33,"1,358",1.226843332,2.816,128.9809091,0.00000656,"1,321","1,345","1,272","1,294","1,338",-19.70207
01-02-85,-27.590568,287.75,11.49,26.65,5.72,"1,389",1.356116084,2.8347,131.8445,0.00000725,"1,358","1,321","1,345","1,272","1,294",-23.259128
01-03-85,-25.862197,329.25,11.49,28.20,6.66,"1,389",1.43472023,2.8533,145.6942857,0.0000082,"1,389","1,358","1,321","1,345","1,272",-27.590568
01-04-85,-20.880747,321.35,11.49,27.55,6.32,"1,501",1.518833536,2.848,148.7609524,0.00000913,"1,389","1,389","1,358","1,321","1,345",-25.862197
01-05-85,-24.90493,314.00,11.49,27.75,6.09,"1,530",1.477541371,2.8556,152.1509524,0.00001005,"1,501","1,389","1,389","1,358","1,321",-20.880747
01-06-85,-34.411018,317.75,11.49,26.90,6.11,"1,433",1.503533303,2.8693,155.064,0.00001171,"1,530","1,501","1,389","1,389","1,358",-24.90493
01-07-85,-50.157389,327.50,11.49,27.13,6.34,"1,475",1.429592566,2.8809,170.8108696,0.00001253,"1,433","1,530","1,501","1,389","1,389",-34.411018
01-08-85,-57.618222,333.25,11.49,27.90,6.25,"1,420",1.414427157,2.9093,176.4880952,0.00001768,"1,475","1,433","1,530","1,501","1,389",-50.157389
01-09-85,-50.070054,325.75,11.49,29.05,6.06,"1,367",1.450116009,2.9722,178.1894444,0.00001745,"1,420","1,475","1,433","1,530","1,501",-57.618222
01-10-85,-37.001169,325.10,11.49,30.35,6.15,"1,385",1.423487544,3.0782,179.1921739,0.00001746,"1,367","1,420","1,475","1,433","1,530",-50.070054
01-11-85,-36.182298,325.30,11.49,29.78,6.15,"1,369",1.476232654,3.2086,180.684,0.00001745,"1,385","1,367","1,420","1,475","1,433",-37.001169
01-12-85,-36.03293,326.80,11.49,26.53,5.80,"1,391",1.468213185,3.2095,182.4785,0.00001744,"1,369","1,385","1,367","1,420","1,475",-36.182298
01-01-86,-37.788103,350.50,11.36,18.85,6.10,"1,418",1.428571429,3.2095,184.7981818,0.00001744,"1,391","1,369","1,385","1,367","1,420",-36.03293
01-02-86,-51.74238,338.15,11.36,13.25,5.67,"1,404",1.43000143,3.2152,186.7415,0.00001743,"1,418","1,391","1,369","1,385","1,367",-37.788103
01-03-86,-55.386012,344.00,11.36,10.43,5.62,"1,444",1.412628902,3.2202,189.2195,0.00001744,"1,404","1,418","1,391","1,369","1,385",-51.74238
01-04-86,-61.55072,345.75,11.36,13.35,5.11,"1,433",1.383508578,3.2143,189.1913636,0.00001744,"1,444","1,404","1,418","1,391","1,369",-55.386012
01-05-86,-66.3889,343.20,11.36,14.35,5.21,"1,418",1.375137514,3.2014,187.93,0.00001744,"1,433","1,444","1,404","1,418","1,391",-61.55072
01-06-86,-69.351067,346.75,11.36,12.80,5.05,"1,413",1.45158949,3.2115,188.7880952,0.00001744,"1,418","1,433","1,444","1,404","1,418",-66.3889
01-07-86,-80.977961,357.50,11.36,11.38,5.05,"1,345",1.589572405,3.6435,190.3582609,0.00001745,"1,413","1,418","1,433","1,444","1,404",-69.351067
01-08-86,-78.315616,384.70,11.36,15.88,5.17,"1,303",1.633186347,3.7129,194.4605,0.00001763,"1,345","1,413","1,418","1,433","1,444",-80.977961
01-09-86,-54.277054,423.20,11.36,15.10,5.52,"1,310",1.607458608,3.715,198.3247368,0.00001776,"1,303","1,345","1,413","1,418","1,433",-78.315616
01-10-86,-48.830666,401.00,11.36,15.38,5.61,"1,316",1.566661444,3.7257,199.7317391,0.00001808,"1,310","1,303","1,345","1,413","1,418",-54.277054
01-11-86,-51.151784,389.50,11.36,15.13,5.38,"1,303",1.55159038,3.7314,201.9515,0.00001888,"1,316","1,310","1,303","1,345","1,413",-48.830666
01-12-86,-60.143791,388.75,11.36,17.65,5.28,"1,332",1.516300227,3.7314,203.6735,0.00002005,"1,303","1,316","1,310","1,303","1,345",-51.151784
01-01-87,-46.548757,400.50,10.94,18.65,5.55,"1,345",1.513088213,3.7314,204.5447619,0.00002022,"1,332","1,303","1,316","1,310","1,303",-60.143791
01-02-87,-41.822127,405.85,10.94,16.80,5.47,"1,380",1.497678598,3.7314,206.0075,0.00002025,"1,345","1,332","1,303","1,316","1,310",-46.548757
01-03-87,-35.114938,421.00,10.94,18.85,6.31,"1,464",1.455392228,3.7314,207.8163636,0.00002056,"1,380","1,345","1,332","1,303","1,316",-41.822127
01-04-87,-25.219792,453.25,10.94,18.72,8.13,"1,484",1.405678943,3.7314,211.4925,0.00002243,"1,464","1,380","1,345","1,332","1,303",-35.114938
01-05-87,-19.47321,451.00,10.94,19.38,7.69,"1,519",1.40016802,3.7314,212.5410526,0.00002496,"1,484","1,464","1,380","1,345","1,332",-25.219792
01-06-87,-30.762749,447.30,10.94,20.29,7.14,"1,572",1.392951665,3.7314,218.1785,0.00002653,"1,519","1,484","1,464","1,380","1,345",-19.47321
01-07-87,-33.708465,462.50,10.94,21.35,8.32,"1,693",1.412628902,3.7314,224.126087,0.00003551,"1,572","1,519","1,484","1,464","1,380",-30.762749
01-08-87,-18.826835,453.40,10.94,19.73,7.55,"1,755",1.414027149,3.7314,224.5804762,0.000037,"1,693","1,572","1,519","1,484","1,464",-33.708465
01-09-87,-22.375939,459.50,10.94,19.59,7.64,"1,810",1.375894331,3.7314,225.1485,0.00003749,"1,755","1,693","1,572","1,519","1,484",-18.826835
01-10-87,-17.37605,468.80,10.94,19.96,6.88,"1,967",1.406074241,3.7314,229.2733333,0.00004053,"1,810","1,755","1,693","1,572","1,519",-22.375939
01-11-87,-12.365684,492.50,10.94,18.51,7.26,"2,520",1.457725948,3.7314,233.8257143,0.00004166,"1,967","1,810","1,755","1,693","1,572",-17.37605
01-12-87,-5.1776408,484.10,10.94,16.70,6.70,"2,866",1.407261469,3.7314,235.3365,0.00005445,"2,520","1,967","1,810","1,755","1,693",-12.365684
01-01-88,2.8363831,458.00,10.51,16.94,6.55,"2,661",1.406271973,3.7314,243.726,0.00006295,"2,866","2,520","1,967","1,810","1,755",-5.1776408
01-02-88,14.083219,426.15,10.51,16.08,6.14,"2,328",1.400560224,3.7314,239.9971429,0.00006786,"2,661","2,866","2,520","1,967","1,810",2.8363831
01-03-88,19.175582,456.95,10.51,17.08,6.75,"2,359",1.364442625,3.7314,243.3256522,0.00007433,"2,328","2,661","2,866","2,520","1,967",14.083219
01-04-88,11.632631,449.00,10.51,17.99,6.46,"2,284",1.336898396,3.7314,241.8755,0.000075,"2,359","2,328","2,661","2,866","2,520",19.175582
01-05-88,5.1819055,455.50,10.51,17.54,6.60,"2,443",1.286339079,3.7314,245.1531818,0.0001753,"2,284","2,359","2,328","2,661","2,866",11.632631
01-06-88,-5.1311152,436.55,10.51,15.16,6.65,"2,540",1.238236751,3.7314,248.31,0.00016811,"2,443","2,284","2,359","2,328","2,661",5.1819055
01-07-88,-11.490837,436.80,10.51,16.31,6.80,"2,213",1.25,3.7314,248.317619,0.00018828,"2,540","2,443","2,284","2,359","2,328",-5.1311152
01-08-88,-9.4250164,427.75,10.51,15.27,6.46,"2,200",1.241156758,3.7314,245.5927273,0.00022609,"2,213","2,540","2,443","2,284","2,359",-11.490837
01-09-88,-4.8783373,396.70,10.51,13.92,6.17,"2,434",1.263423879,3.7314,245.6738095,0.00035313,"2,200","2,213","2,540","2,443","2,284",-9.4250164
01-10-88,-1.9702955,412.40,10.51,13.58,6.31,"2,937",1.235177866,3.7314,247.0894737,0.00049296,"2,434","2,200","2,213","2,540","2,443",-4.8783373
01-11-88,7.805083,422.60,10.51,15.32,6.07,"3,303",1.175502527,3.7314,246.4352381,0.00057179,"2,937","2,434","2,200","2,213","2,540",-1.9702955
01-12-88,11.274942,410.25,10.51,17.24,6.05,"3,497",1.166452817,3.7314,244.6309524,0.00110893,"3,303","2,937","2,434","2,200","2,213",7.805083
01-01-89,17.740523,394.00,12.03,17.03,5.85,"3,393",1.148765078,3.7314,247.1054545,0.00191287,"3,497","3,303","2,937","2,434","2,200",11.274942
01-02-89,12.176227,387.00,12.03,18.15,5.86,"3,095",1.167678655,3.7314,245.844,0.00147035,"3,393","3,497","3,303","2,937","2,434",17.740523
01-03-89,17.495982,383.20,12.03,20.38,5.77,"3,263",1.224140042,3.7314,249.64,0.00134568,"3,095","3,393","3,497","3,303","2,937",12.176227
01-04-89,16.927228,377.55,12.03,20.42,5.64,"3,117",1.244555072,3.7314,251.356,0.00177293,"3,263","3,095","3,393","3,497","3,303",17.495982
01-05-89,21.482127,361.80,12.03,19.90,5.22,"2,738",1.292657704,3.7314,252.4385714,0.00282735,"3,117","3,263","3,095","3,393","3,497",16.927228
01-06-89,3.0686704,373.00,12.03,20.27,5.18,"2,544",1.322576379,3.7314,261.6571429,0.00322458,"2,738","3,117","3,263","3,095","3,393",21.482127
01-07-89,0.98946153,368.30,12.03,18.31,5.15,"2,504",1.321702353,3.7314,272.8114286,0.00300083,"2,544","2,738","3,117","3,263","3,095",3.0686704
01-08-89,2.369241,359.80,12.03,18.83,5.07,"2,760",1.309757695,3.7314,276.65,0.0033858,"2,504","2,544","2,738","3,117","3,263",0.98946153
01-09-89,3.8440306,366.50,12.03,20.13,5.28,"2,884",1.294163323,3.7314,280.1505556,0.00488622,"2,760","2,504","2,544","2,738","3,117",2.369241
01-10-89,10.549884,375.30,12.03,19.94,5.23,"2,859",1.291655903,3.7314,282.7828571,0.00579734,"2,884","2,760","2,504","2,544","2,738",3.8440306
01-11-89,18.090333,408.15,12.03,19.86,5.57,"2,590",1.277139208,3.7314,288.4180952,0.00939587,"2,859","2,884","2,760","2,504","2,544",10.549884
01-12-89,14.502249,398.60,12.03,21.82,5.22,"2,418",1.272426517,4.1825,294.585,0.01402977,"2,590","2,859","2,884","2,760","2,504",18.090333
01-01-90,16.431185,415.05,14.05,22.70,5.21,"2,366",1.280245807,4.7339,296.7568182,0.01282726,"2,418","2,590","2,859","2,884","2,760",14.502249
01-02-90,12.994688,407.70,14.05,21.54,5.12,"2,359",1.317002502,4.7339,292.463,0.01328649,"2,366","2,418","2,590","2,859","2,884",16.431185
01-03-90,12.440822,368.50,14.05,20.28,4.97,"2,626",1.323451562,4.7339,296.6631818,0.01819444,"2,359","2,366","2,418","2,590","2,859",12.994688
01-04-90,2.6025595,367.75,14.05,18.55,4.94,"2,685",1.309414692,4.7339,296.4115,0.02761318,"2,626","2,359","2,366","2,418","2,590",12.440822
01-05-90,-6.3031508,363.05,14.05,17.40,5.07,"2,740",1.313887794,4.7339,296.9709524,0.03884782,"2,685","2,626","2,359","2,366","2,418",2.6025595
01-06-90,-15.133593,352.20,14.05,17.07,4.84,"2,584",1.283697047,4.7339,296.7889474,0.06983381,"2,740","2,685","2,626","2,359","2,366",-6.3031508
01-07-90,-25.117155,372.30,14.05,20.63,4.86,"2,769",1.264542236,4.7339,296.6654545,0.11492883,"2,584","2,740","2,685","2,626","2,359",-15.133593
01-08-90,-16.103712,387.75,14.05,27.30,4.83,"2,956",1.236552492,4.7339,303.4409091,0.319750121,"2,769","2,584","2,740","2,685","2,626",-25.117155
01-09-90,-18.702771,408.40,14.05,39.58,4.80,"3,040",1.211974306,4.7342,308.3494118,0.434333504,"2,956","2,769","2,584","2,740","2,685",-16.103712
01-10-90,-14.689016,379.50,14.05,35.25,4.22,"2,743",1.249063203,4.7339,312.4895455,0.446399386,"3,040","2,956","2,769","2,584","2,740",-18.702771
01-11-90,-9.7279434,384.85,14.05,29.10,4.09,"2,584",1.293828438,4.9714,326.8647619,0.43948111,"2,743","3,040","2,956","2,769","2,584",-14.689016
01-12-90,-0.45385525,386.20,14.05,28.44,4.19,"2,485",1.298364061,5.2352,334.9778947,0.528640511,"2,584","2,743","3,040","2,956","2,769",-9.7279434
01-01-91,0.17090946,366.00,15.03,21.84,3.83,"2,447",1.283202874,5.2352,337.2304545,0.53952381,"2,485","2,584","2,743","3,040","2,956",-0.45385525
01-02-91,9.9244265,362.70,15.03,19.12,3.68,"2,447",1.276324186,5.2352,337.526,0.552,"2,447","2,485","2,584","2,743","3,040",0.17090946
01-03-91,17.862127,355.65,15.03,19.64,3.84,"2,410",1.296848658,5.2352,340.238,0.565263158,"2,447","2,447","2,485","2,584","2,743",9.9244265
01-04-91,10.407447,357.75,15.03,21.02,3.93,"2,471",1.282873637,5.2767,340.2840909,0.635454545,"2,410","2,447","2,447","2,485","2,584",17.862127
01-05-91,14.240324,360.40,15.03,21.08,4.13,"2,340",1.291489087,5.3257,339.9505,0.798181818,"2,471","2,410","2,447","2,447","2,485",10.407447
01-06-91,16.422032,368.35,15.03,20.58,4.45,"2,218",1.316135825,5.3667,344.89,0.852777778,"2,340","2,471","2,410","2,447","2,447",14.240324
01-07-91,7.9464742,362.85,15.03,21.68,4.07,"2,231",1.296008294,5.3693,348.7182609,0.828181818,"2,218","2,340","2,471","2,410","2,447",16.422032
01-08-91,2.7828752,347.40,15.03,22.30,3.82,"2,236",1.278281989,5.3725,350.89,0.801904762,"2,231","2,218","2,340","2,471","2,410",7.9464742
01-09-91,5.8890604,354.90,15.03,22.23,4.14,"2,319",1.259921885,5.3869,355.6061111,0.803809524,"2,236","2,231","2,218","2,340","2,471",2.7828752
01-10-91,10.229102,357.45,15.03,23.41,4.09,"2,361",1.261829653,5.3917,359.0604348,0.924090909,"2,319","2,236","2,231","2,218","2,340",5.8890604
01-11-91,10.824661,366.30,15.03,21.50,4.07,"2,376",1.271294177,5.3994,364.2565,1.0265,"2,361","2,319","2,236","2,231","2,218",10.229102
01-12-91,5.3821422,353.15,15.03,19.10,3.86,"2,206",1.296680498,5.4232,371.9275,1.006666667,"2,376","2,361","2,319","2,236","2,231",10.824661
01-01-92,2.5053192,354.10,14.31,18.91,4.13,"2,151",1.337613697,5.4618,369.7509091,0.994545455,"2,206","2,376","2,361","2,319","2,236",5.3821422
01-02-92,-10.851629,353.10,14.31,18.65,4.12,"2,209",1.330140995,5.4776,347.8635,0.9775,"2,151","2,206","2,376","2,361","2,319",2.5053192
01-03-92,-18.181247,341.70,14.31,19.48,4.12,"2,232",1.31821777,5.4871,348.3440909,0.961818182,"2,209","2,151","2,206","2,376","2,361",-10.851629
01-04-92,-21.999355,336.35,14.31,20.86,3.98,"2,214",1.311647429,5.5098,346.3005,1.028,"2,232","2,209","2,151","2,206","2,376",-18.181247
01-05-92,-14.334223,337.50,14.31,22.10,4.06,"2,219",1.322926313,5.5182,346.5631579,1.1405,"2,214","2,232","2,209","2,151","2,206",-21.999355
01-06-92,-22.340954,343.40,14.31,22.07,4.03,"2,296",1.323451562,5.4893,354.997,1.185238095,"2,219","2,214","2,232","2,209","2,151",-14.334223
01-07-92,-31.770055,357.85,14.31,21.82,3.95,"2,527",1.342101731,5.4564,361.2478261,1.238095238,"2,296","2,219","2,214","2,232","2,209",-22.340954
01-08-92,-31.724541,340.00,14.31,21.48,3.72,"2,513",1.379690949,5.4417,368.8647619,1.2895,"2,527","2,296","2,219","2,214","2,232",-31.770055
01-09-92,-33.093111,349.00,14.31,21.73,3.77,"2,420",1.384083045,5.5048,376.036,1.376363636,"2,513","2,527","2,296","2,219","2,214",-31.724541
01-10-92,-32.501326,339.25,14.31,20.64,3.77,"2,262",1.398992725,5.5486,373.1014286,1.555714286,"2,420","2,513","2,527","2,296","2,219",-33.093111
01-11-92,-19.736953,334.20,14.31,19.91,3.73,"2,162",1.449695564,5.6134,377.6319048,1.6215,"2,262","2,420","2,513","2,527","2,296",-32.501326
01-12-92,-7.934251,332.90,14.31,19.49,3.67,"2,212",1.449905756,5.8106,380.2175,1.636285947,"2,162","2,262","2,420","2,513","2,527",-19.736953
01-01-93,-12.558448,330.45,12.58,20.26,3.71,"2,264",1.485884101,5.7796,383.9255,1.6975,"2,212","2,162","2,262","2,420","2,513",-7.934251
01-02-93,-10.397015,327.60,12.58,20.56,3.57,"2,212",1.464343242,5.7874,387.9105,1.758,"2,264","2,212","2,162","2,262","2,420",-12.558448
01-03-93,-2.2805808,337.80,12.58,20.44,3.89,"2,152",1.412828483,5.7455,397.2178261,1.839130435,"2,212","2,264","2,212","2,162","2,262",-10.397015
01-04-93,1.7487325,354.30,12.58,20.57,4.30,"1,954",1.405481377,5.7202,401.1914286,1.9105,"2,152","2,212","2,264","2,212","2,162",-2.2805808
01-05-93,7.8275318,377.45,12.58,20.01,4.71,"1,799",1.431434297,5.7392,404.9805,1.965714286,"1,954","2,152","2,212","2,264","2,212",1.7487325
01-06-93,4.4878004,378.45,12.58,18.86,4.58,"1,858",1.481700993,5.7504,403.3015,2.003636364,"1,799","1,954","2,152","2,212","2,264",7.8275318
01-07-93,-6.9973279,401.75,12.58,17.88,5.30,"1,927",1.475143827,5.7756,404.7940909,2.048947368,"1,858","1,799","1,954","2,152","2,212",4.4878004
01-08-93,-6.316088,371.55,12.58,18.26,4.84,"1,951",1.476232654,5.7906,407.6586364,2.076190476,"1,927","1,858","1,799","1,954","2,152",-6.9973279
01-09-93,-4.1491873,355.50,12.58,18.76,4.03,"1,858",1.534448366,5.8015,408.1922727,2.095454545,"1,951","1,927","1,858","1,799","1,954",-6.316088
01-10-93,-7.6972377,369.60,12.58,16.91,4.40,"1,647",1.512859304,5.8013,412.5885,2.1415,"1,858","1,951","1,927","1,858","1,799",-4.1491873
01-11-93,-13.27812,370.90,12.58,15.54,4.47,"1,633",1.504438092,5.8086,412.502381,2.169047619,"1,647","1,858","1,951","1,927","1,858",-7.6972377
01-12-93,-18.455783,391.75,12.58,14.19,5.12,"1,724",1.48456057,5.821,425.7342857,2.163181818,"1,633","1,647","1,858","1,951","1,927",-13.27812
01-01-94,-18.941676,377.90,11.45,15.28,5.06,"1,807",1.436575205,8.7219,430.4452381,2.175238095,"1,724","1,633","1,647","1,858","1,951",-18.455783
01-02-94,-25.020336,381.55,11.45,14.49,5.24,"1,865",1.396453009,8.7249,428.6915,2.177,"1,807","1,724","1,633","1,647","1,858",-18.941676
01-03-94,-25.648872,389.20,11.45,14.80,5.74,"1,913",1.406667604,8.7241,430.4517391,2.173181818,"1,865","1,807","1,724","1,633","1,647",-25.020336
01-04-94,-13.425655,376.45,11.45,16.98,5.28,"1,881",1.397428731,8.7251,424.4715,2.1815,"1,913","1,865","1,807","1,724","1,633",-25.648872
01-05-94,-0.52666792,387.60,11.45,18.03,5.50,"2,145",1.38064338,8.6859,424.6981818,2.188636364,"1,881","1,913","1,865","1,807","1,724",-13.425655
01-06-94,-9.85884,388.25,11.45,19.37,5.25,"2,363",1.364442625,8.6836,420.679,2.19047619,"2,145","1,881","1,913","1,865","1,807",-0.52666792
01-07-94,-5.8807136,384.00,11.45,20.31,5.29,"2,447",1.362212233,8.6605,420.4942857,2.2,"2,363","2,145","1,881","1,913","1,865",-9.85884
01-08-94,-0.63739145,385.75,11.45,17.56,5.36,"2,410",1.351168761,8.6072,419.43,2.233181818,"2,447","2,363","2,145","1,881","1,913",-5.8807136
01-09-94,3.0380066,394.85,11.45,18.39,5.62,"2,505",1.347708895,8.5581,414.8690476,2.259090909,"2,410","2,447","2,363","2,145","1,881",-0.63739145
01-10-94,19.374975,383.85,11.45,18.18,5.35,"2,546",1.355197181,8.5492,412.214,2.237619048,"2,505","2,410","2,447","2,363","2,145",3.0380066
01-11-94,22.215631,383.10,11.45,18.06,5.08,"2,804",1.324678765,8.537,413.4509524,2.196190476,"2,546","2,505","2,410","2,447","2,363",19.374975
01-12-94,28.979596,383.25,11.45,17.77,4.85,"2,981",1.292156609,8.5033,402.23,2.144761905,"2,804","2,546","2,505","2,410","2,447",22.215631
01-01-95,30.075528,374.90,12.27,18.35,4.70,"3,003",1.307702367,8.4608,405.7781818,2.194090909,"2,981","2,804","2,546","2,505","2,410",28.979596
01-02-95,28.627483,376.40,12.27,18.58,4.49,"2,870",1.342822613,8.4553,412.1395,2.2165,"3,003","2,981","2,804","2,546","2,505",30.075528
01-03-95,38.444206,392.00,12.27,19.18,5.16,"2,920",1.361470388,8.4483,410.4573913,2.25826087,"2,870","3,003","2,981","2,804","2,546",28.627483
01-04-95,40.997406,389.75,12.27,20.38,5.83,"2,895",1.359434475,8.4421,394.3284211,2.262777778,"2,920","2,870","3,003","2,981","2,804",38.444206
01-05-95,40.565638,384.30,12.27,18.80,5.30,"2,772",1.375137514,8.337,377.1713636,2.253636364,"2,895","2,920","2,870","3,003","2,981",40.997406
01-06-95,29.09934,387.05,12.27,17.40,5.33,"2,988",1.389660923,8.3206,373.588,2.246666667,"2,772","2,895","2,920","2,870","3,003",40.565638
01-07-95,27.322323,383.35,12.27,17.56,5.10,"3,076",1.373815084,8.3207,378.0680952,2.235,"2,988","2,772","2,895","2,920","2,870",29.09934
01-08-95,33.156162,382.35,12.27,17.89,5.32,"3,040",1.348799568,8.3253,387.2740909,2.243636364,"3,076","2,988","2,772","2,895","2,920",27.322323
01-09-95,29.335412,384.00,12.27,17.54,5.53,"2,910",1.326787847,8.3374,394.5627778,2.25047619,"3,040","3,076","2,988","2,772","2,895",33.156162
01-10-95,13.425659,382.65,12.27,17.67,5.36,"2,810",1.321003963,8.3353,406.6171429,2.261090909,"2,910","3,040","3,076","2,988","2,772",29.335412
01-11-95,9.7805549,387.80,12.27,18.24,5.18,"2,982",1.341741581,8.3334,412.3095238,2.318380952,"2,810","2,910","3,040","3,076","2,988",13.425659
01-12-95,7.8618968,387.00,12.27,19.56,5.14,"2,918",1.350438893,8.335,408.9842105,2.329263158,"2,982","2,810","2,910","3,040","3,076",9.7805549
01-01-96,2.838852,405.55,12.97,17.75,5.52,"2,605",1.348254011,8.3384,408.5318182,2.354272727,"2,918","2,982","2,810","2,910","3,040",7.8618968
01-02-96,-4.7697315,400.65,12.97,19.59,5.52,"2,545",1.323451562,8.3338,410.9657143,2.358904762,"2,605","2,918","2,982","2,810","2,910",2.838852
01-03-96,-8.5454472,396.35,12.97,21.48,5.52,"2,563",1.296344309,8.3495,411.5466667,2.359809524,"2,545","2,605","2,918","2,982","2,810",-4.7697315
01-04-96,-3.7627075,391.30,12.97,21.16,5.28,"2,594",1.272750414,8.3515,408.4247619,2.36845,"2,563","2,545","2,605","2,918","2,982",-8.5454472
01-05-96,-6.5772995,390.55,12.97,19.74,5.34,"2,659",1.254705144,8.3479,406.2304762,2.413954545,"2,594","2,563","2,545","2,605","2,918",-3.7627075
01-06-96,-17.257793,382.00,12.97,20.93,5.03,"2,178",1.263902932,8.3424,409.8468421,2.44475,"2,659","2,594","2,563","2,545","2,605",-6.5772995
01-07-96,-30.188923,385.30,12.97,20.48,5.11,"1,984",1.26630366,8.3409,410.7230435,2.449181818,"2,178","2,659","2,594","2,563","2,545",-17.257793
01-08-96,-33.055201,386.45,12.97,22.26,5.20,"2,018",1.277139208,8.3379,411.1004762,2.470285714,"1,984","2,178","2,659","2,594","2,563",-30.188923
01-09-96,-38.501959,379.00,12.97,24.18,4.88,"1,935",1.26135217,8.3341,411.8444444,2.495761905,"2,018","1,984","2,178","2,659","2,594",-33.055201
01-10-96,-29.210752,379.50,12.97,23.21,4.83,"1,960",1.262945188,8.3299,415.5526087,2.56,"1,935","2,018","1,984","2,178","2,659",-38.501959
01-11-96,-4.7415333,371.30,12.97,23.75,4.74,"2,215",1.25502008,8.3294,420.03,2.5886,"1,960","1,935","2,018","1,984","2,178",-29.210752
01-12-96,-2.3050712,369.25,12.97,25.93,4.80,"2,265",1.255335174,8.329,422.41,2.58752381,"2,215","1,960","1,935","2,018","1,984",-4.7415333
01-01-97,-3.9577733,345.50,13.04,24.15,4.96,"2,427",1.28600823,8.326,423.7931818,2.629863636,"2,265","2,215","1,960","1,935","2,018",-2.3050712
01-02-97,-5.6371098,358.60,13.04,20.30,5.25,"2,407",1.302592158,8.3227,416.1915,2.64245,"2,427","2,265","2,215","1,960","1,935",-3.9577733
01-03-97,-3.1961792,348.15,13.04,20.42,5.13,"2,420",1.26984127,8.3258,414.053,2.637157895,"2,407","2,427","2,265","2,215","1,960",-5.6371098
01-04-97,-9.4795871,340.15,13.04,20.17,4.66,"2,389",1.284191601,8.3257,417.58,2.665227273,"2,420","2,407","2,427","2,265","2,215",-3.1961792
01-05-97,-16.91504,345.60,13.04,20.89,4.86,"2,513",1.290156109,8.3229,418.6089474,2.667285714,"2,389","2,420","2,407","2,427","2,265",-9.4795871
01-06-97,-17.407657,334.55,13.04,19.84,4.72,"2,611",1.325908247,8.3224,417.4152381,2.658809524,"2,513","2,389","2,420","2,407","2,427",-16.91504
01-07-97,-12.238048,326.35,13.04,20.13,4.38,"2,449",1.347708895,8.3162,416.6082609,2.65452381,"2,611","2,513","2,389","2,420","2,407",-17.407657
01-08-97,-15.815211,325.35,13.04,19.62,4.73,"2,250",1.350621286,8.3187,414.8525,2.65647619,"2,449","2,611","2,513","2,389","2,420",-12.238048
01-09-97,-15.667043,332.10,13.04,21.16,5.17,"2,104",1.382934587,8.3171,414.8989474,2.647136364,"2,250","2,449","2,611","2,513","2,389",-15.815211
01-10-97,-13.627574,311.40,13.04,21.09,4.82,"2,051",1.389467834,8.3135,414.4130435,2.665727273,"2,104","2,250","2,449","2,611","2,513",-15.667043
01-11-97,-20.383127,296.80,13.04,19.16,5.30,"1,918",1.438228103,8.3109,424.9575,2.7232,"2,051","2,104","2,250","2,449","2,611",-13.627574
01-12-97,-20.441719,290.20,13.04,17.66,6.00,"1,761",1.510802236,8.3099,438.2895,2.72,"1,918","2,051","2,104","2,250","2,449",-20.383127
01-01-98,-27.010727,304.85,13.41,17.22,6.05,"1,688",1.522997259,8.3094,453.3890476,2.746714286,"1,761","1,918","2,051","2,104","2,250",-20.441719
01-02-98,-42.853623,297.40,13.41,15.45,6.37,"1,664",1.482799526,8.3072,448.531,2.80145,"1,688","1,761","1,918","2,051","2,104",-27.010727
01-03-98,-35.823137,301.00,13.41,15.76,6.35,"1,747",1.493428913,8.3076,452.5313636,2.808590909,"1,664","1,688","1,761","1,918","2,051",-42.853623
01-04-98,-42.748488,310.70,13.41,15.17,6.22,"1,800",1.533036946,8.3058,453.7433333,2.822,"1,747","1,664","1,688","1,761","1,918",-35.823137
01-05-98,-43.135092,293.60,13.41,15.21,4.96,"1,732",1.584283904,8.3084,453.4157895,2.8456,"1,800","1,747","1,664","1,688","1,761",-42.748488
01-06-98,-52.044632,296.30,13.41,14.29,5.36,"1,657",1.653986107,8.31,456.188,2.908809524,"1,732","1,800","1,747","1,664","1,688",-43.135092
01-07-98,-58.690383,288.85,13.41,14.22,5.53,"1,656",1.618122977,8.31,464.6413043,2.922380952,"1,657","1,732","1,800","1,747","1,664",-52.044632
01-08-98,-63.651907,273.40,13.41,13.26,4.79,"1,620",1.698369565,8.31,471.2552381,2.963904762,"1,656","1,657","1,732","1,800","1,747",-58.690383
01-09-98,-54.805195,293.85,13.41,16.16,5.39,"1,647",1.698081168,8.3055,470.4995,3.045045455,"1,620","1,656","1,657","1,732","1,800",-63.651907
01-10-98,-42.800852,292.30,13.41,14.43,5.06,"1,585",1.618384852,8.2778,463.6019048,3.0528,"1,647","1,620","1,656","1,657","1,732",-54.805195
01-11-98,-45.331241,294.70,13.41,11.24,4.93,"1,574",1.575051189,8.2778,463.2561905,3.096238095,"1,585","1,647","1,620","1,656","1,657",-42.800852
01-12-98,-57.532033,287.80,13.41,12.05,5.01,"1,476",1.617599482,8.278,472.387,3.139047619,"1,574","1,585","1,647","1,620","1,656",-45.331241
01-01-99,-63.119751,285.40,11.93,12.51,5.24,"1,432",1.582278481,8.2789,475.6815,3.254,"1,476","1,574","1,585","1,647","1,620",-57.532033
01-02-99,-58.927316,287.05,11.93,12.29,5.58,"1,413",1.562744179,8.2781,493.4485,3.3985,"1,432","1,476","1,574","1,585","1,647",-63.119751
01-03-99,-44.265981,279.45,11.93,16.76,5.03,"1,378",1.585288523,8.2792,492.4843478,3.381782609,"1,413","1,432","1,476","1,574","1,585",-58.927316
01-04-99,-49.314836,286.60,11.93,18.66,5.44,"1,464",1.557632399,8.2792,482.327619,3.35165,"1,378","1,413","1,432","1,476","1,574",-44.265981
01-05-99,-35.196219,268.60,11.93,16.85,4.94,"1,510",1.508750754,8.2785,485.039,3.333681818,"1,464","1,378","1,413","1,432","1,476",-49.314836
01-06-99,-42.246779,261.00,11.93,19.36,5.22,"1,422",1.523693433,8.278,502.1655,3.340333333,"1,510","1,464","1,378","1,413","1,432",-35.196219
01-07-99,-43.723302,255.60,11.93,20.53,5.45,"1,639",1.523925632,8.2776,516.7381818,3.3252,"1,422","1,510","1,464","1,378","1,413",-42.246779
01-08-99,-36.973723,254.80,11.93,22.11,5.08,"1,647",1.551349674,8.2772,513.0331818,3.364380952,"1,639","1,422","1,510","1,464","1,378",-43.723302
01-09-99,-28.096288,307.00,11.93,24.54,5.58,"1,750",1.539645881,8.2774,524.5480952,3.420681818,"1,647","1,639","1,422","1,510","1,464",-36.973723
01-10-99,-12.545323,299.10,11.93,21.78,5.29,"1,723",1.536334306,8.2775,537.9695,3.47425,"1,750","1,647","1,639","1,422","1,510",-28.096288
01-11-99,-12.932696,291.35,11.93,24.60,5.18,"1,727",1.565435191,8.2782,543.7138095,3.483619048,"1,723","1,750","1,647","1,639","1,422",-12.545323
01-12-99,-12.332502,290.25,11.93,25.77,5.33,"1,765",1.560062402,8.2794,538.2209524,3.485863636,"1,727","1,723","1,750","1,647","1,639",-12.932696
01-01-00,-10.39978,283.30,12.45,27.67,5.26,"1,812",1.524390244,8.2792,520.447619,3.501571429,"1,765","1,727","1,723","1,750","1,647",-12.332502
01-02-00,-9.0554199,293.65,12.45,30.47,5.10,"1,726",1.592863969,8.2781,512.8509524,3.457714286,"1,812","1,765","1,727","1,723","1,750",-10.39978
01-03-00,5.6197586,276.75,12.45,26.90,4.94,"1,729",1.64095832,8.2786,504.3804348,3.444913043,"1,726","1,812","1,765","1,727","1,723",-9.0554199
01-04-00,8.7032456,275.05,12.45,25.72,4.94,"1,715",1.677852349,8.2793,508.0994737,3.480722222,"1,729","1,726","1,812","1,765","1,727",5.6197586
01-05-00,4.7156277,272.25,12.45,29.05,4.90,"1,736",1.728907331,8.2781,521.6631818,3.505136364,"1,715","1,729","1,726","1,812","1,765",8.7032456
01-06-00,3.4834638,288.15,12.45,32.45,5.02,"1,774",1.680954782,8.2772,529.7375,3.488714286,"1,736","1,715","1,729","1,726","1,812",4.7156277
01-07-00,5.1671626,276.75,12.45,27.42,4.95,"1,850",1.703577513,8.2794,542.7452381,3.48195,"1,774","1,736","1,715","1,729","1,726",3.4834638
01-08-00,6.6217557,277.00,12.45,33.14,4.91,"1,900",1.721763085,8.2796,550.9945455,3.479045455,"1,850","1,774","1,736","1,715","1,729",5.1671626
01-09-00,10.624617,273.65,12.45,30.88,4.89,"1,978",1.811266075,8.2785,565.895,3.486238095,"1,900","1,850","1,774","1,736","1,715",6.6217557
01-10-00,11.89386,264.50,12.45,32.71,4.74,"1,839",1.893939394,8.2785,567.8414286,3.501772727,"1,978","1,900","1,850","1,774","1,736",10.624617
01-11-00,11.192093,269.10,12.45,33.85,4.63,"1,815",1.916443082,8.2774,574.5971429,3.529904762,"1,839","1,978","1,900","1,850","1,774",11.89386
01-12-00,4.3404266,274.45,12.45,26.80,4.58,"1,809",1.829491401,8.2771,574.6284211,3.521105263,"1,815","1,839","1,978","1,900","1,850",11.192093
01-01-01,1.2255407,264.50,12.99,28.68,4.79,"1,806",1.801152738,8.2776,571.1163636,3.524045455,"1,809","1,815","1,839","1,978","1,900",4.3404266
01-02-01,-4.5527871,266.70,12.99,27.41,4.43,"1,738",1.873360809,8.2771,563.129,3.52955,"1,806","1,809","1,815","1,839","1,978",1.2255407
01-03-01,-2.9014072,257.70,12.99,26.29,4.33,"1,666",1.987676406,8.2775,587.7859091,3.520818182,"1,738","1,806","1,809","1,815","1,839",-4.5527871
01-04-01,-7.1914875,263.15,12.99,28.48,4.37,"1,660",1.993620415,8.2771,598.628,3.560368421,"1,666","1,738","1,806","1,809","1,815",-2.9014072
01-05-01,-6.9118629,267.50,12.99,28.39,4.43,"1,666",1.923446817,8.277,604.4780952,3.601636364,"1,660","1,666","1,738","1,806","1,809",-7.1914875
01-06-01,-11.999778,270.60,12.99,26.27,4.34,"1,551",1.930501931,8.277,616.0725,3.532965,"1,666","1,660","1,666","1,738","1,806",-6.9118629
01-07-01,-24.842694,265.90,12.99,26.37,4.23,"1,469",1.965022598,8.2769,656.4557143,3.504952381,"1,551","1,666","1,660","1,666","1,738",-11.999778
01-08-01,-45.511714,273.00,12.99,27.22,4.20,"1,475",1.906214258,8.277,673.7031818,3.49328,"1,469","1,551","1,666","1,660","1,666",-24.842694
01-09-01,-49.377245,293.10,12.99,23.42,4.59,"1,424",1.985702939,8.2768,681.2417647,3.49115,"1,475","1,469","1,551","1,666","1,660",-45.511714
01-10-01,-54.03255,278.75,12.99,21.17,4.28,"1,361",1.983339944,8.2768,708.0981818,3.461409091,"1,424","1,475","1,469","1,551","1,666",-49.377245
01-11-01,-58.718043,275.50,12.99,19.47,4.14,"1,532",1.936108422,8.2769,689.4014286,3.4407,"1,361","1,424","1,475","1,469","1,551",-54.03255
01-12-01,-56.75747,276.50,12.99,19.77,4.52,"1,474",1.9462826,8.2764,669.1378947,3.436575,"1,532","1,361","1,424","1,475","1,469",-58.718043
01-01-02,-49.984785,282.30,12.68,19.47,4.30,"1,515",1.934235977,8.2771,667.2818182,3.461,"1,474","1,532","1,361","1,424","1,475",-56.75747
01-02-02,-46.921021,296.85,12.68,21.72,4.44,"1,539",1.950078003,8.2767,678.835,3.4777,"1,515","1,474","1,532","1,361","1,424",-49.984785
01-03-02,-36.656801,301.40,12.68,26.21,4.68,"1,623",1.902587519,8.2773,663.264,3.457052632,"1,539","1,515","1,474","1,532","1,361",-46.921021
01-04-02,-35.818474,308.20,12.68,27.32,4.60,"1,599",1.868460389,8.2772,650.8209524,3.439727273,"1,623","1,539","1,515","1,474","1,532",-36.656801
01-05-02,-39.936133,326.60,12.68,25.37,5.05,"1,629",1.818843216,8.277,653.9065,3.452545455,"1,599","1,623","1,539","1,515","1,474",-35.818474
01-06-02,-43.574756,318.50,12.68,26.87,4.87,"1,654",1.759943682,8.2767,673.766,3.481894737,"1,629","1,599","1,623","1,539","1,515",-39.936133
01-07-02,-44.338184,305.50,12.68,27.02,4.66,"1,511",1.805706031,8.2768,696.3343478,3.534571429,"1,654","1,629","1,599","1,623","1,539",-43.574756
01-08-02,-43.043474,312.80,12.68,28.97,4.57,"1,500",1.847404397,8.2767,702.3047619,3.571238095,"1,511","1,654","1,629","1,599","1,623",-44.338184
01-09-02,-26.523504,323.70,12.68,30.47,4.53,"1,435",1.829826167,8.277,726.9789474,3.620142857,"1,500","1,511","1,654","1,629","1,599",-43.043474
01-10-02,-12.184803,316.90,12.68,27.22,4.48,"1,536",1.817520901,8.2772,742.3173913,3.616419048,"1,435","1,500","1,511","1,654","1,629",-26.523504
01-11-02,-5.4569831,319.05,12.68,26.87,4.43,"1,626",1.781578479,8.2772,709.4765,3.58435,"1,536","1,435","1,500","1,511","1,654",-12.184803
01-12-02,7.7418198,342.75,12.68,31.22,4.67,"1,536",1.778093883,8.2777,701.949,3.515285714,"1,626","1,536","1,435","1,500","1,511",-5.4569831
01-01-03,9.1344914,367.50,13.82,33.52,4.87,"1,714",1.71556013,8.2775,722.4777273,3.494772727,"1,536","1,626","1,536","1,435","1,500",7.7418198
01-02-03,7.565723,347.45,13.82,36.62,4.60,"1,716",1.678979181,8.278,745.2135,3.4847,"1,714","1,536","1,626","1,536","1,435",9.1344914
01-03-03,17.564469,334.85,13.82,31.02,4.46,"1,588",1.662510391,8.2773,743.2833333,3.480033333,"1,716","1,714","1,536","1,626","1,536",7.565723
01-04-03,29.056903,336.75,13.82,25.87,4.61,"1,608",1.639344262,8.2772,718.2533333,3.46545,"1,588","1,716","1,714","1,536","1,626",17.564469
01-05-03,37.166245,361.40,13.82,29.57,4.56,"1,683",1.546072975,8.2769,703.58,3.482,"1,608","1,588","1,716","1,714","1,536",29.056903
01-06-03,32.8705,346.00,13.82,30.17,4.51,"1,644",1.503307276,8.2771,709.1845,3.479571429,"1,683","1,608","1,588","1,716","1,714",37.166245
01-07-03,35.296336,354.75,13.82,30.52,5.08,"1,769",1.513546239,8.2773,701.1404348,3.472,"1,644","1,683","1,608","1,588","1,716",32.8705
01-08-03,39.225754,375.60,13.82,31.57,5.11,"1,746",1.534212949,8.277,703.7725,3.480904762,"1,769","1,644","1,683","1,608","1,588",35.296336
01-09-03,46.523778,388.00,13.82,29.22,5.12,"1,794",1.507159005,8.2772,675.442,3.481590909,"1,746","1,769","1,644","1,683","1,608",39.225754
01-10-03,99.282516,386.25,13.82,29.12,5.14,"2,057",1.439263097,8.2768,646.0695652,3.478863636,"1,794","1,746","1,769","1,644","1,683",46.523778
01-11-03,101.46179,398.35,13.82,30.32,5.35,"2,074",1.397038279,8.2769,625.467,3.47845,"2,057","1,794","1,746","1,769","1,644",99.282516
01-12-03,109.46613,417.25,13.82,32.52,5.97,"2,321",1.352996888,8.277,602.9045,3.472142857,"2,074","2,057","1,794","1,746","1,769",101.46179
01-01-04,121.82175,399.75,16.39,33.05,6.23,"2,489",1.295840352,8.277,573.6414286,3.467714286,"2,321","2,074","2,057","1,794","1,746",109.46613
01-02-04,125.91187,395.85,16.39,36.17,6.58,"2,987",1.287001287,8.2771,584.306,3.48415,"2,489","2,321","2,074","2,057","1,794",121.82175
01-03-04,119.83139,423.70,16.39,35.77,7.83,"3,068",1.334044824,8.2771,603.9121739,3.465913043,"2,987","2,489","2,321","2,074","2,057",125.91187
01-04-04,106.46916,388.50,16.39,37.37,5.95,"2,752",1.34354427,8.2769,608.1871429,3.4703,"3,068","2,987","2,489","2,321","2,074",119.83139
01-05-04,84.027437,393.25,16.39,39.90,6.17,"2,831",1.420656343,8.2771,635.7575,3.488047619,"2,752","3,068","2,987","2,489","2,321",106.46916
01-06-04,62.379031,395.80,16.39,37.05,5.91,"2,665",1.441545337,8.2767,643.4965,3.477857143,"2,831","2,752","3,068","2,987","2,489",84.027437
01-07-04,88.817718,391.40,16.39,43.80,6.42,"2,900",1.396453009,8.2767,632.3936364,3.4422,"2,665","2,831","2,752","3,068","2,987",62.379031
01-08-04,98.778037,407.25,16.39,42.12,6.74,"2,847",1.406271973,8.2768,635.9318182,3.396285714,"2,900","2,665","2,831","2,752","3,068",88.817718
01-09-04,97.95257,415.65,16.39,49.64,6.67,"3,140",1.422879909,8.2767,616.5519048,3.358409091,"2,847","2,900","2,665","2,831","2,752",98.778037
01-10-04,106.76907,425.55,16.39,51.76,7.16,"2,951",1.362954886,8.2765,607.2785,3.32205,"3,140","2,847","2,900","2,665","2,831",97.95257
01-11-04,122.1332,453.40,16.39,49.13,7.76,"3,262",1.298026999,8.2765,596.72,3.311095238,"2,951","3,140","2,847","2,900","2,665",106.76907
01-12-04,126.17757,438.00,16.39,43.46,6.82,"3,280",1.302931596,8.2765,576.17,3.281818182,"3,262","2,951","3,140","2,847","2,900",122.1332
01-01-05,106.0273,422.15,28.11,48.20,6.72,"3,276",1.304121022,8.2765,574.1195238,3.269095238,"3,280","3,262","2,951","3,140","2,847",126.17757
01-02-05,106.43983,435.45,28.11,51.75,7.35,"3,405",1.280081925,8.2765,573.584,3.25965,"3,276","3,280","3,262","2,951","3,140",106.0273
01-03-05,109.41245,427.50,28.11,55.40,7.19,"3,408",1.27420999,8.2765,586.4827273,3.260238095,"3,405","3,276","3,280","3,262","2,951",106.43983
01-04-05,106.09652,435.70,28.11,49.72,6.98,"3,349",1.292323598,8.2765,580.4557143,3.25885,"3,408","3,405","3,276","3,280","3,262",109.41245
01-05-05,85.134259,414.45,28.11,51.97,7.13,"3,214",1.304971943,8.2765,578.3090476,3.255761905,"3,349","3,408","3,405","3,276","3,280",106.09652
01-06-05,56.433997,437.10,28.11,56.50,7.10,"3,597",1.304291118,8.2765,585.4733333,3.253380952,"3,214","3,349","3,408","3,405","3,276",85.134259
01-07-05,34.608437,429.00,28.11,60.57,7.15,"3,775",1.329080276,8.2264,575.7661905,3.252789474,"3,597","3,214","3,349","3,408","3,405",56.433997
01-08-05,33.572362,433.25,28.11,68.95,6.74,"3,915",1.313370108,8.1017,546.6095455,3.257909091,"3,775","3,597","3,214","3,349","3,408",34.608437
01-09-05,56.311235,473.25,28.11,66.25,7.53,"3,949",1.30701869,8.0919,536.7004762,3.308409091,"3,915","3,775","3,597","3,214","3,349",33.572362
01-10-05,68.309635,470.75,28.11,59.77,7.77,"4,091",1.327140013,8.0895,535.497,3.381904762,"3,949","3,915","3,775","3,597","3,214",56.311235
01-11-05,60.910644,495.65,28.11,57.33,8.21,"4,405",1.35998912,8.084,529.8814286,3.377,"4,091","3,949","3,915","3,775","3,597",68.309635
01-12-05,49.605552,513.00,28.11,61.04,8.83,"4,585",1.347164219,8.0755,514.3309524,3.425285714,"4,405","4,091","3,949","3,915","3,775",60.910644
01-01-06,35.240463,568.75,33.45,67.93,9.91,"4,920",1.332445037,8.0654,524.4768182,3.394272727,"4,585","4,405","4,091","3,949","3,915",49.605552
01-02-06,43.094011,556.00,33.45,61.42,9.70,"4,839",1.348072257,8.0512,525.7045,3.2896,"4,920","4,585","4,405","4,091","3,949",35.240463
01-03-06,49.257789,582.00,33.45,66.66,11.76,"5,528",1.376273053,8.035,528.7708696,3.34026087,"4,839","4,920","4,585","4,405","4,091",43.094011
01-04-06,43.629838,644.00,33.45,71.89,12.56,"7,230",1.357036233,8.0143,517.3263158,3.332277778,"5,528","4,839","4,920","4,585","4,405",49.257789
01-05-06,42.558932,653.00,33.45,71.29,13.13,"8,140",1.309071868,8.0131,520.7940909,3.279968182,"7,230","5,528","4,839","4,920","4,585",43.629838
01-06-06,53.183794,613.50,33.45,73.98,10.70,"7,501",1.351533991,8.0042,542.46,3.264647619,"8,140","7,230","5,528","4,839","4,920",42.558932
01-07-06,64.329752,632.50,33.45,74.41,11.44,"7,851",1.32837407,7.9897,540.6204762,3.2437,"7,501","8,140","7,230","5,528","4,839",53.183794
01-08-06,83.019363,623.50,33.45,70.27,12.60,"7,647",1.310444241,7.9722,538.5272727,3.235045455,"7,851","7,501","8,140","7,230","5,528",64.329752
01-09-06,92.794694,599.25,33.45,62.92,11.55,"7,601",1.324678765,7.9334,538.6526316,3.248428571,"7,647","7,851","7,501","8,140","7,230",83.019363
01-10-06,93.131798,603.75,33.45,58.74,12.08,"7,410",1.325556734,7.9018,530.9547619,3.238045455,"7,601","7,647","7,851","7,501","8,140",92.794694
01-11-06,97.190401,646.70,33.45,63.14,13.68,"6,936",1.293995859,7.8622,527.4371429,3.222571429,"7,410","7,601","7,647","7,851","7,501",93.131798
01-12-06,100.23752,635.70,33.45,61.06,12.90,"6,290",1.272588445,7.8219,527.5821053,3.206,"6,936","7,410","7,601","7,647","7,851",97.190401
01-01-07,103.10126,650.50,36.63,58.15,13.36,"5,651",1.277791975,7.7876,540.51,3.193045455,"6,290","6,936","7,410","7,601","7,647",100.23752
01-02-07,101.4345,664.20,36.63,61.80,14.31,"5,980",1.277139208,7.7502,542.2665,3.19075,"5,651","6,290","6,936","7,410","7,601",103.10126
01-03-07,116.33991,661.75,36.63,65.88,13.35,"6,940",1.260716087,7.7369,538.4877273,3.186181818,"5,980","5,651","6,290","6,936","7,410",101.4345
01-04-07,127.82085,677.00,36.63,65.71,13.50,"7,825",1.20875136,7.7247,532.301,3.178684211,"6,940","5,980","5,651","6,290","6,936",116.33991
01-05-07,138.24496,659.10,36.63,64.02,13.25,"7,441",1.211533802,7.6773,522.0161905,3.168045455,"7,825","6,940","5,980","5,651","6,290",127.82085
01-06-07,127.81942,650.50,36.63,70.69,12.54,"7,650",1.187225454,7.6333,526.7190476,3.17065,"7,441","7,825","6,940","5,980","5,651",138.24496
01-07-07,140.78652,665.50,36.63,78.22,12.93,"8,159",1.152472053,7.5757,519.8045,3.161409091,"7,650","7,441","7,825","6,940","5,980",127.81942
01-08-07,149.97755,672.00,36.63,74.05,11.95,"7,580",1.206127126,7.5734,522.9227273,3.158772727,"8,159","7,650","7,441","7,825","6,940",140.78652
01-09-07,167.25454,743.00,36.63,81.67,13.65,"8,165",1.181893393,7.521,516.9111765,3.13645,"7,580","8,159","7,650","7,441","7,825",149.97755
01-10-07,186.65898,789.50,36.63,94.54,14.32,"7,761",1.111605158,7.5019,501.4427273,3.020318182,"8,165","7,580","8,159","7,650","7,441",167.25454
01-11-07,187.16674,783.50,36.63,88.72,14.23,"6,956",1.115946881,7.421,506.9514286,3.001619048,"7,761","8,165","7,580","8,159","7,650",186.65898
01-12-07,180.28394,836.50,36.63,96.01,14.76,"6,677",1.146920518,7.3682,499.2768421,2.9816,"6,956","7,761","8,165","7,580","8,159",187.16674
01-01-08,148.30762,923.25,60.80,91.76,16.74,"7,171",1.133401337,7.2405,480.8963636,2.951,"6,677","6,956","7,761","8,165","7,580",180.28394
01-02-08,144.01523,971.50,60.80,101.85,19.62,"8,541",1.094930472,7.1644,467.2171429,2.906285714,"7,171","6,677","6,956","7,761","8,165",148.30762
01-03-08,159.77706,933.50,60.80,101.59,17.99,"8,520",1.084481076,7.0722,442.942,2.811894737,"8,541","7,171","6,677","6,956","7,761",144.01523
01-04-08,162.45117,871.00,60.80,113.46,16.47,"8,655",1.074229241,6.9997,446.4336364,2.749454545,"8,520","8,541","7,171","6,677","6,956",159.77706
01-05-08,188.9186,885.75,60.80,127.35,16.85,"8,105",1.053518753,6.9725,470.1,2.805368421,"8,655","8,520","8,541","7,171","6,677",162.45117
01-06-08,182.35906,930.25,60.80,140.00,17.65,"8,776",1.051414152,6.8993,493.612381,2.892857143,"8,105","8,655","8,520","8,541","7,171",188.9186
01-07-08,168.14232,918.00,60.80,124.08,17.48,"8,261",1.03950104,6.8355,502.2413636,2.849238095,"8,776","8,105","8,655","8,520","8,541",182.35906
01-08-08,149.63605,833.00,60.80,115.96,13.76,"7,510",1.134429949,6.8462,516.702,2.893428571,"8,261","8,776","8,105","8,655","8,520",168.14232
01-09-08,109.96963,884.50,60.80,100.64,12.96,"6,419",1.224289912,6.8307,530.17,2.966772727,"7,510","8,261","8,776","8,105","8,655",149.63605
01-10-08,9.7778273,730.75,60.80,67.81,9.28,"3,995",1.455604076,6.8358,618.3945455,3.077136364,"6,419","7,510","8,261","8,776","8,105",109.96963
01-11-08,-67.459964,814.50,60.80,54.44,10.12,"3,581",1.517220452,6.8281,651.5055,3.092833333,"3,995","6,419","7,510","8,261","8,776",9.7778273
01-12-08,-76.206962,865.00,71.70,44.60,10.79,"2,902",1.488316714,6.8539,649.3165,3.11475,"3,581","3,995","6,419","7,510","8,261",-67.459964
01-01-09,-56.570785,919.50,73.40,41.68,12.51,"3,106",1.480604086,6.836,623.007619,3.15175,"2,902","3,581","3,995","6,419","7,510",-76.206962
01-02-09,12.876317,952.00,72.70,44.76,13.21,"3,390",1.537515375,6.8363,605.998,3.23685,"3,106","2,902","3,581","3,995","6,419",-56.570785
01-03-09,20.668866,916.50,59.60,49.66,13.11,"4,035",1.500150015,6.836,592.9313636,3.175409091,"3,390","3,106","2,902","3,581","3,995",12.876317
01-04-09,4.1623998,883.25,60.60,51.12,12.63,"4,515",1.397038279,6.8306,583.1757143,3.08575,"4,035","3,390","3,106","2,902","3,581",20.668866
01-05-09,46.775311,975.50,65.00,66.31,15.52,"4,776",1.307531381,6.8235,565.7178947,2.9944,"4,515","4,035","3,390","3,106","2,902",4.1623998
01-06-09,87.000957,934.50,78.20,69.89,13.94,"5,108",1.246105919,6.8334,553.08,2.991,"4,776","4,515","4,035","3,390","3,106",46.775311
01-07-09,74.345861,939.00,95.30,69.45,13.63,"5,750",1.242390359,6.8317,540.4204545,3.01315,"5,108","4,776","4,515","4,035","3,390",87.000957
01-08-09,51.691089,955.50,85.80,69.96,14.54,"6,491",1.197174668,6.8323,546.8842857,2.951238095,"5,750","5,108","4,776","4,515","4,035",74.345861
01-09-09,38.379236,995.75,85.90,70.61,16.45,"6,136",1.159823707,6.8277,549.0709524,2.910318182,"6,491","5,750","5,108","4,776","4,515",51.691089
01-10-09,53.774991,"1,040.00",88.40,77.00,16.57,"6,575",1.102900629,6.8267,545.8328571,2.8726,"6,136","6,491","5,750","5,108","4,776",38.379236
01-11-09,89.734655,"1,175.75",101.60,77.28,18.14,"6,815",1.08731108,6.8271,507.7814286,2.885619048,"6,575","6,136","6,491","5,750","5,108",53.774991
01-12-09,80.016813,"1,104.00",118.20,79.36,16.99,"7,346",1.108524554,6.8275,501.45,2.878368421,"6,815","6,575","6,136","6,491","5,750",89.734655
01-01-10,68.114487,"1,078.50",120.00,72.89,16.29,"6,854",1.095650268,6.8269,500.6625,2.8573,"7,346","6,815","6,575","6,136","6,491",80.016813
01-02-10,51.571732,"1,108.25",133.10,79.66,16.12,"7,072",1.129050469,6.8285,532.557,2.8548,"6,854","7,346","6,815","6,575","6,136",68.114487
01-03-10,69.730213,"1,115.50",153.60,83.76,17.50,"7,830",1.096130659,6.8262,523.1626087,2.840304348,"7,072","6,854","7,346","6,815","6,575",51.571732
01-04-10,64.623052,"1,179.25",172.90,86.15,18.62,"7,365",1.079680415,6.8256,520.6242857,2.84065,"7,830","7,072","6,854","7,346","6,815",69.730213
01-05-10,88.05084,"1,207.50",145.20,73.97,18.53,"6,926",1.147710318,6.8275,533.2065,2.846142857,"7,365","7,830","7,072","6,854","7,346",64.623052
01-06-10,66.514997,"1,244.00",138.90,75.63,18.74,"6,515",1.171097318,6.8184,536.6680952,2.83865,"6,926","7,365","7,830","7,072","6,854",88.05084
01-07-10,18.451252,"1,169.00",136.30,78.95,17.66,"7,195",1.138174368,6.7762,531.7214286,2.823421053,"6,515","6,926","7,365","7,830","7,072",66.514997
01-08-10,42.631339,"1,246.00",141.50,71.92,18.87,"7,356",1.110617503,6.7873,509.3240909,2.80252381,"7,195","6,515","6,926","7,365","7,830",18.451252
01-09-10,53.79001,"1,307.00",141.10,79.97,22.07,"8,054",1.064056182,6.7396,493.933,2.791090909,"7,356","7,195","6,515","6,926","7,365",42.631339
01-10-10,52.64664,"1,346.75",149.10,81.43,23.96,"8,225",1.01853738,6.6678,484.0415,2.79205,"8,054","7,356","7,195","6,515","6,926",53.79001
01-11-10,37.692852,"1,383.50",167.80,84.11,27.13,"8,375",1.011224593,6.6538,482.3166667,2.806142857,"8,225","8,054","7,356","7,195","6,515",52.64664
01-12-10,24.11006,"1,410.25",170.10,91.38,30.63,"9,740",1.00715077,6.6497,474.7780952,2.81635,"8,375","8,225","8,054","7,356","7,195",37.692852
01-01-11,-13.182876,"1,327.00",185.60,92.19,27.75,"9,720",1.003814495,6.5964,489.4409524,2.787809524,"9,740","8,375","8,225","8,054","7,356",24.11006
01-02-11,-30.421236,"1,411.00",182.80,96.97,33.49,"9,858",0.991669972,6.5761,475.691,2.77115,"9,720","9,740","8,375","8,225","8,054",-13.182876
01-03-11,-7.3296143,"1,439.00",172.40,106.72,37.87,"9,400",0.988826263,6.5645,479.6521739,2.779869565,"9,858","9,720","9,740","8,375","8,225",-30.421236
01-04-11,-18.221041,"1,535.50",181.50,113.93,48.70,"9,371",0.944465433,6.5267,471.32,2.816263158,"9,400","9,858","9,720","9,740","8,375",-7.3296143
01-05-11,-17.676175,"1,536.50",169.80,102.70,38.65,"9,225",0.93676815,6.4957,467.7286364,2.775571429,"9,371","9,400","9,858","9,720","9,740",-18.221041
01-06-11,-11.706145,"1,505.50",166.80,95.42,35.02,"9,301",0.941885655,6.4746,469.4119048,2.764714286,"9,225","9,371","9,400","9,858","9,720",-17.676175
01-07-11,-16.642294,"1,628.50",175.50,95.70,39.63,"9,731",0.92755774,6.4575,462.9371429,2.741894737,"9,301","9,225","9,371","9,400","9,858",-11.706145
01-08-11,-15.235021,"1,813.50",179.90,88.81,41.35,"9,197",0.952199581,6.4036,466.7904545,2.74,"9,731","9,301","9,225","9,371","9,400",-16.642294
01-09-11,13.001233,"1,620.00",171.30,79.20,30.45,"7,132",0.978473581,6.3885,483.6938095,2.744318182,"9,197","9,731","9,301","9,225","9,371",-15.235021
01-10-11,24.974538,"1,722.00",118.40,93.19,34.24,"7,901",0.983477577,6.371,511.7442105,2.7324,"7,132","9,197","9,731","9,301","9,225",13.001233
01-11-11,12.802258,"1,746.00",130.90,100.36,31.35,"7,406",0.988924051,6.3564,508.437619,2.705619048,"7,901","7,132","9,197","9,731","9,301",24.974538
01-12-11,14.752372,"1,574.50",138.50,98.83,28.18,"7,554",0.987947046,6.3482,517.1719048,2.696894737,"7,406","7,901","7,132","9,197","9,731",12.802258
01-01-12,-44.022824,"1,744.00",142.40,98.48,33.60,"8,486",0.960153625,6.3172,501.3395455,2.693318182,"7,554","7,406","7,901","7,132","9,197",14.752372
01-02-12,-83.227869,"1,770.00",143.00,107.07,37.23,"8,585",0.931792769,6.2997,481.4885714,2.684238095,"8,486","7,554","7,406","7,901","7,132",-44.022824
01-03-12,-63.181836,"1,662.50",147.60,103.02,32.43,"8,480",0.950028501,6.3125,485.3954545,2.671590909,"8,585","8,486","7,554","7,406","7,901",-83.227869
01-04-12,-45.946956,"1,651.25",145.40,104.87,31.20,"8,530",0.966183575,6.3043,486.001,2.657666667,"8,480","8,585","8,486","7,554","7,406",-63.181836
01-05-12,-37.960074,"1,558.00",134.80,86.53,28.10,"7,517",1.002004008,6.3242,497.0880952,2.669954545,"8,530","8,480","8,585","8,486","7,554",-45.946956
01-06-12,-53.821286,"1,598.50",134.00,84.96,27.08,"7,605",1.001401963,6.3633,505.6280952,2.67115,"7,517","8,530","8,480","8,585","8,486",-37.960074
01-07-12,-41.730991,"1,622.00",117.00,88.06,28.20,"7,581",0.970873786,6.3717,491.9345,2.635761905,"7,605","7,517","8,530","8,480","8,585",-53.821286
01-08-12,-74.973158,"1,648.50",89.40,96.47,30.52,"7,577",0.954653938,6.3593,480.9940909,2.61652381,"7,581","7,605","7,517","8,530","8,480",-41.730991
01-09-12,-82.613407,"1,776.00",104.20,92.19,34.65,"8,268",0.960984048,6.32,474.9717647,2.6033,"7,577","7,581","7,605","7,517","8,530",-74.973158
01-10-12,-52.925654,"1,719.00",119.30,86.24,32.28,"7,819",0.971062342,6.2627,475.3627273,2.5881,"8,268","7,577","7,581","7,605","7,517",-82.613407
01-11-12,-45.285391,"1,726.00",115.60,88.91,34.28,"7,949",0.961076406,6.2338,480.5705,2.59915,"7,819","8,268","7,577","7,581","7,605",-52.925654
01-12-12,-63.127019,"1,664.00",144.90,91.82,29.95,"7,915",0.955566173,6.2328,477.1284211,2.567555556,"7,949","7,819","8,268","7,577","7,581",-45.285391
01-01-13,-73.634617,"1,664.75",152.50,97.49,32.03,"8,170",0.952380952,6.2215,472.6686364,2.552409091,"7,915","7,949","7,819","8,268","7,577",-63.127019
01-02-13,-77.39515,"1,588.50",151.70,92.05,28.95,"7,828",0.969932105,6.2323,472.3445,2.578526316,"8,170","7,915","7,949","7,819","8,268",-73.634617
01-03-13,-60.732203,"1,598.25",137.30,97.23,28.64,"7,583",0.966650556,6.2154,472.484,2.594526316,"7,828","8,170","7,915","7,949","7,819",-77.39515
01-04-13,-60.598128,"1,469.00",134.10,93.46,24.42,"7,074",0.963391137,6.1861,472.1372727,2.598045455,"7,583","7,828","8,170","7,915","7,949",-60.732203
01-05-13,-63.096559,"1,394.50",110.40,91.97,22.57,"7,241",1.008166146,6.1416,479.5828571,2.645681818,"7,074","7,583","7,828","8,170","7,915",-60.598128
01-06-13,-53.214076,"1,192.00",116.50,96.56,18.86,"6,751",1.059322034,6.1342,502.886,2.748421053,"7,241","7,074","7,583","7,828","8,170",-63.096559
01-07-13,-35.49824,"1,314.50",129.90,105.03,19.94,"6,805",1.09229929,6.1343,504.9622727,2.778142857,"6,751","7,241","7,074","7,583","7,828",-53.214076
01-08-13,-38.740753,"1,394.75",137.70,107.93,23.64,"7,095",1.106561912,6.1213,512.5885714,2.80247619,"6,805","6,751","7,241","7,074","7,583",-35.49824
01-09-13,4.8542901,"1,326.50",131.40,102.35,21.68,"7,291",1.074922068,6.1198,504.57,2.779761905,"7,095","6,805","6,751","7,241","7,074",-38.740753
01-10-13,16.351133,"1,324.00",131.90,96.27,22.20,"7,234",1.050530518,6.1032,500.8063636,2.770142857,"7,291","7,095","6,805","6,751","7,241",4.8542901
01-11-13,-2.5686662,"1,253.00",136.40,92.48,19.93,"7,027",1.072501073,6.0929,519.25,2.79915,"7,234","7,291","7,095","6,805","6,751",16.351133
01-12-13,30.780419,"1,201.50",134.20,98.04,19.50,"7,395",1.113585746,6.0738,529.4505,2.7861,"7,027","7,234","7,291","7,095","6,805",-2.5686662
01-01-14,-8.4500739,"1,251.00",122.60,97.53,19.31,"7,091",1.128923007,6.0509,537.0295455,2.809772727,"7,395","7,027","7,234","7,291","7,095",30.780419
01-02-14,-33.995368,"1,326.50",118.10,102.83,21.27,"7,098",1.114330287,6.0816,554.4085,2.81345,"7,091","7,395","7,027","7,234","7,291",-8.4500739
01-03-14,-7.6402477,"1,291.75",116.80,101.55,19.97,"6,636",1.100231049,6.1729,563.8433333,2.807095238,"7,098","7,091","7,395","7,027","7,234",-33.995368
01-04-14,-42.710013,"1,288.50",105.40,100.06,19.28,"6,724",1.073537305,6.2246,554.6409524,2.79525,"6,636","7,098","7,091","7,395","7,027",-7.6402477
01-05-14,-48.028939,"1,250.50",91.80,103.30,19.00,"6,996",1.074691026,6.238,555.402,2.787761905,"6,724","6,636","7,098","7,091","7,395",-42.710013
01-06-14,-56.395777,"1,315.00",93.80,105.37,20.87,"6,955",1.067805659,6.2306,553.0633333,2.795142857,"6,996","6,724","6,636","7,098","7,091",-48.028939
01-07-14,-69.95493,"1,285.25",95.60,98.23,20.69,"7,136",1.065076153,6.1984,558.2081818,2.787047619,"6,955","6,996","6,724","6,636","7,098",-56.395777
01-08-14,-53.400166,"1,285.75",87.90,97.68,19.47,"6,995",1.074229241,6.1541,579.052,2.815428571,"7,136","6,955","6,996","6,724","6,636",-69.95493
01-09-14,-35.169673,"1,216.50",77.50,91.16,17.11,"6,736",1.105950011,6.1382,593.468,2.864954545,"6,995","7,136","6,955","6,996","6,724",-53.400166
01-10-14,-36.942977,"1,164.25",78.50,80.48,16.20,"6,836",1.138822458,6.1251,589.98,2.907227273,"6,736","6,995","7,136","6,955","6,996",-35.169673
01-11-14,-17.528007,"1,182.75",69.80,65.89,15.97,"6,516",1.156871819,6.1249,592.4595,2.9263,"6,836","6,736","6,995","7,136","6,955",-36.942977
01-12-14,-55.207255,"1,199.25",71.20,53.40,15.97,"6,359",1.211093618,6.1886,612.919,2.963142857,"6,516","6,836","6,736","6,995","7,136",-17.528007
01-01-15,-77.061421,"1,260.25",61.70,48.17,16.92,"5,505",1.240079365,6.2181,620.9095238,3.00695,"6,359","6,516","6,836","6,736","6,995",-55.207255
01-02-15,-106.74721,"1,214.00",63.00,49.60,16.53,"5,881",1.282544568,6.2518,623.6175,3.08015,"5,505","6,359","6,516","6,836","6,736",-77.061421
01-03-15,-100.29407,"1,187.00",51.00,47.72,16.60,"6,051",1.294665976,6.2386,628.5031818,3.093090909,"5,881","5,505","6,359","6,516","6,836",-106.74721
01-04-15,-97.595285,"1,180.25",56.20,59.54,16.52,"6,245",1.291989664,6.201,614.727619,3.12145,"6,051","5,881","5,505","6,359","6,516",-100.29407
01-05-15,-96.808567,"1,191.40",61.40,60.26,16.67,"6,089",1.267266506,6.2035,607.5968421,3.1517,"6,245","6,051","5,881","5,505","6,359",-97.595285
01-06-15,-81.140066,"1,171.00",59.30,59.44,15.70,"5,721",1.29617628,6.2052,629.9947619,3.162428571,"6,089","6,245","6,051","5,881","5,505",-96.808567
01-07-15,-47.825689,"1,098.40",52.90,47.11,14.56,"5,220",1.350074254,6.2085,650.1395455,3.1829,"5,721","6,089","6,245","6,051","5,881",-81.140066
01-08-15,-38.815002,"1,135.00",55.70,49.19,14.44,"5,095",1.370801919,6.3383,688.1157143,3.24,"5,220","5,721","6,089","6,245","6,051",-47.825689
01-09-15,-56.575656,"1,114.00",54.40,45.15,14.65,"5,093",1.416631251,6.3676,691.7290476,3.2205,"5,095","5,220","5,721","6,089","6,245",-38.815002
01-10-15,-67.901115,"1,142.35",49.50,46.60,15.63,"5,136",1.388888889,6.3505,685.3142857,3.2503,"5,093","5,095","5,220","5,721","6,089",-56.575656
01-11-15,-98.749836,"1,061.90",42.80,41.64,14.08,"4,596",1.399384271,6.364,704.002381,3.33852381,"5,136","5,093","5,095","5,220","5,721",-67.901115
01-12-15,-109.94263,"1,062.25",42.90,37.13,13.82,"4,702",1.37988133,6.4491,704.238,3.385095238,"4,596","5,136","5,093","5,095","5,220",-98.749836
01-01-16,-139.2928,"1,111.80",41.50,33.67,14.08,"4,542",1.426330053,6.5726,721.948,3.43885,"4,702","4,596","5,136","5,093","5,095",-109.94263
01-02-16,-162.00238,"1,234.90",48.90,33.82,14.75,"4,705",1.401738155,6.5501,704.0847619,3.50752381,"4,542","4,702","4,596","5,136","5,093",-139.2928
01-03-16,-139.91357,"1,237.00",53.20,38.29,15.38,"4,856",1.332622601,6.5027,682.0677273,3.409809524,"4,705","4,542","4,702","4,596","5,136",-162.00238
01-04-16,-94.090057,"1,285.65",65.20,45.96,17.86,"5,045",1.30480167,6.4754,669.932381,3.303333333,"4,856","4,705","4,542","4,702","4,596",-139.91357
01-05-16,-92.136623,"1,212.10",49.60,49.10,16.06,"4,700",1.366493577,6.5259,681.8704545,3.336181818,"5,045","4,856","4,705","4,542","4,702",-94.090057
01-06-16,-94.20955,"1,320.75",54.20,48.22,18.36,"4,827",1.351168761,6.5892,681.0719048,3.318428571,"4,700","5,045","4,856","4,705","4,542",-92.136623
01-07-16,-78.825513,"1,342.00",58.80,41.49,20.04,"4,853",1.328197636,6.6771,657.5671429,3.300736842,"4,827","4,700","5,045","4,856","4,705",-94.20955
01-08-16,-83.847862,"1,309.25",59.00,44.71,18.74,"4,603",1.310787783,6.6466,658.8904545,3.335363636,"4,853","4,827","4,700","5,045","4,856",-78.825513
01-09-16,-63.231955,"1,322.50",55.20,48.11,19.35,"4,832",1.317349493,6.6702,668.632381,3.384454545,"4,603","4,853","4,827","4,700","5,045",-83.847862
01-10-16,-58.500751,"1,272.00",63.80,46.84,17.76,"4,828",1.313197636,6.7303,663.9221053,3.387714286,"4,832","4,603","4,853","4,827","4,700",-63.231955
01-11-16,-37.416376,"1,178.10",73.50,49.40,16.67,"5,740",1.327668614,6.8402,666.117619,3.405157895,"4,828","4,832","4,603","4,853","4,827",-58.500751
01-12-16,-39.604921,"1,159.10",81.80,53.75,16.24,"5,501",1.361285053,6.9198,667.1680952,3.397952381,"5,740","4,828","4,832","4,603","4,853",-37.416376
01-01-17,-54.42309,"1,212.80",84.00,52.76,17.29,"5,921",1.339584729,6.8907,661.1942857,3.341909091,"5,501","5,740","4,828","4,832","4,603",-39.604921
01-02-17,-72.18773,"1,255.60",91.20,54.01,18.28,"5,936",1.30480167,6.8694,643.2095,3.26185,"5,921","5,501","5,740","4,828","4,832",-54.42309
01-03-17,-31.23508,"1,244.85",79.80,50.49,18.06,"5,849",1.311991603,6.894,661.2026087,3.265478261,"5,936","5,921","5,501","5,740","4,828",-72.18773
01-04-17,-24.382923,"1,266.45",67.80,49.31,17.41,"5,689",1.327316167,6.8876,655.7433333,3.248777778,"5,849","5,936","5,921","5,501","5,740",-31.23508
01-05-17,-46.898135,"1,266.20",57.80,48.24,17.31,"5,616",1.34462821,6.8843,671.5395455,3.274545455,"5,689","5,849","5,936","5,921","5,501",-24.382923
01-06-17,-59.131659,"1,242.25",63.90,46.02,16.47,"5,908",1.322401481,6.8066,665.1533333,3.26945,"5,616","5,689","5,849","5,936","5,921",-46.898135
01-07-17,-53.809849,"1,267.55",73.80,50.16,16.76,"6,347",1.280901755,6.7694,658.1714286,3.250473684,"5,908","5,616","5,689","5,849","5,936",-59.131659
01-08-17,-30.904379,"1,311.75",77.20,47.21,17.34,"6,792",1.263423879,6.667,644.2418182,3.242818182,"6,347","5,908","5,616","5,689","5,849",-53.809849
01-09-17,-13.499643,"1,283.10",61.70,51.62,16.86,"6,485",1.254075746,6.569,625.5415789,3.247571429,"6,792","6,347","5,908","5,616","5,689",-30.904379
01-10-17,-4.9298836,"1,270.15",58.70,54.31,16.82,"6,802",1.284026708,6.6254,629.5465,3.252454545,"6,485","6,792","6,347","5,908","5,616",-13.499643
01-11-17,-7.0982533,"1,280.20",68.16,57.35,16.57,"6,761",1.312335958,6.62,633.767619,3.242333333,"6,802","6,485","6,792","6,347","5,908",-4.9298836
01-12-17,3.595429,"1,296.50",72.40,60.41,16.87,"7,157",1.307531381,6.5932,636.9236842,3.248315789,"6,761","6,802","6,485","6,792","6,347",-7.0982533
01-01-18,-23.153224,"1,345.05",72.05,64.77,17.23,"7,101",1.256913022,6.4233,605.5286364,3.216619048,"7,157","6,761","6,802","6,485","6,792",3.595429
01-02-18,-33.186602,"1,317.85",78.02,61.42,16.44,"6,953",1.271132579,6.3183,596.839,3.24955,"7,101","7,157","6,761","6,802","6,485",-23.153224
01-03-18,-30.460117,"1,323.85",64.89,64.86,16.28,"6,685",1.28882588,6.3174,603.4452381,3.25325,"6,953","7,101","7,157","6,761","6,802",-33.186602
01-04-18,-32.745362,"1,313.20",65.65,68.51,16.38,"6,783",1.301405518,6.2967,600.547619,3.23165,"6,685","6,953","7,101","7,157","6,761",-30.460117
01-05-18,-19.242576,"1,305.35",64.88,66.98,16.55,"6,825",1.328903654,6.3701,626.1190476,3.274863636,"6,783","6,685","6,953","7,101","7,157",-32.745362
01-06-18,-14.705617,"1,250.45",64.73,74.13,16.03,"6,646",1.333688984,6.4651,636.1461905,3.2722,"6,825","6,783","6,685","6,953","7,101",-19.242576
01-07-18,5.3004072,"1,220.95",67.67,69.25,15.43,"6,213",1.350803728,6.7164,652.407,3.27852381,"6,646","6,825","6,783","6,685","6,953",-14.705617
01-08-18,8.8586879,"1,202.45",66.03,69.79,14.66,"6,019",1.365187713,6.8453,656.2509091,3.289619048,"6,213","6,646","6,825","6,783","6,685",5.3004072
01-09-18,-7.8823753,"1,187.25",68.11,73.11,14.31,"6,180",1.387732445,6.8551,680.9147059,3.31285,"6,019","6,213","6,646","6,825","6,783",8.8586879
01-10-18,-1.3978688,"1,214.95",73.96,65.31,14.34,"6,073",1.406271973,6.9191,676.8409091,3.335363636,"6,180","6,019","6,213","6,646","6,825",-7.8823753
01-11-18,-27.101514,"1,217.55",64.77,50.78,14.24,"6,238",1.37988133,6.9367,677.612,3.3768,"6,073","6,180","6,019","6,213","6,646",-1.3978688
01-12-18,-15.675063,"1,281.65",71.30,45.10,15.47,"5,965",1.394894685,6.8837,681.9868421,3.366315789,"6,238","6,073","6,180","6,019","6,213",-27.101514
01-01-19,-38.27425,"1,323.25",84.45,53.79,16.08,"6,148",1.398405817,6.7863,677.0618182,3.345363636,"5,965","6,238","6,073","6,180","6,019",-15.675063
01-02-19,-90.819833,"1,319.15",83.43,57.16,15.82,"6,536",1.401345291,6.7367,656.3045,3.3231,"6,148","5,965","6,238","6,073","6,180",-38.27425
01-03-19,-83.205416,"1,295.40",86.37,60.14,15.10,"6,485",1.4120305,6.7119,667.6785714,3.306238095,"6,536","6,148","5,965","6,238","6,073",-90.819833
01-04-19,-70.617889,"1,282.30",93.79,63.78,14.99,"6,442",1.406271973,6.7161,667.3990476,3.3056,"6,485","6,536","6,148","5,965","6,238",-83.205416
01-05-19,-41.199456,"1,295.55",97.76,53.44,14.48,"5,781",1.439884809,6.8519,692.0038095,3.334181818,"6,442","6,485","6,536","6,148","5,965",-70.617889
01-06-19,-28.478126,"1,409.00",112.90,58.17,15.22,"5,972",1.439677512,6.8977,692.409,3.32745,"5,781","6,442","6,485","6,536","6,148",-41.199456
01-07-19,18.033156,"1,427.55",115.55,58.48,16.48,"5,926",1.43307538,6.8775,686.0595455,3.292095238,"5,972","5,781","6,442","6,485","6,536",-28.478126
01-08-19,23.868835,"1,528.40",84.64,55.02,18.39,"5,678",1.47601476,7.0629,713.7033333,3.37932,"5,926","5,972","5,781","6,442","6,485",18.033156
01-09-19,36.761867,"1,485.30",92.24,54.04,17.26,"5,728",1.467351431,7.1137,718.4422222,3.359142857,"5,678","5,926","5,972","5,781","6,442",23.868835
01-10-19,15.539343,"1,510.95",82.75,53.97,18.06,"5,825",1.471020888,7.0961,721.0322727,3.36152381,"5,728","5,678","5,926","5,972","5,781",36.761867
01-11-19,-9.7302183,"1,460.15",86.01,55.42,16.97,"5,854",1.464772228,7.0199,776.53,3.3737,"5,825","5,728","5,678","5,926","5,972",15.539343
01-12-19,-12.594487,"1,523.00",90.92,61.11,18.05,"6,156",1.452011035,7.0137,770.3905,3.357380952,"5,854","5,825","5,728","5,678","5,926",-9.7302183
01-01-20,-80.397625,"1,584.20",81.35,51.58,17.89,"5,570",1.459640928,6.9184,772.6477273,3.328909091,"6,156","5,854","5,825","5,728","5,678",-12.594487
01-02-20,-122.22499,"1,609.85",82.93,44.78,17.19,"5,573",1.50060024,6.9967,796.3795,3.39175,"5,570","6,156","5,854","5,825","5,728",-80.397625
01-03-20,-95.105749,"1,608.95",82.69,20.46,13.93,"4,797",1.608234159,7.0205,839.3754545,3.493772727,"5,573","5,570","6,156","5,854","5,825",-122.22499
01-04-20,-84.181649,"1,702.75",82.37,18.73,15.34,"5,231",1.584283904,7.0708,853.3790476,3.4002,"4,797","5,573","5,570","6,156","5,854",-95.105749
01-05-20,-114.52106,"1,728.70",99.50,35.52,17.59,"5,333",1.534448366,7.1016,821.8052632,3.42355,"5,231","4,797","5,573","5,570","6,156",-84.181649
01-06-20,-29.62497,"1,768.10",98.45,39.22,17.85,"6,038",1.449485433,7.0816,793.7180952,3.471857143,"5,333","5,231","4,797","5,573","5,570",-114.52106
01-07-20,5.4527034,"1,964.90",108.90,40.05,24.07,"6,447",1.420454545,7.0041,784.7290909,3.519181818,"6,038","5,333","5,231","4,797","5,573",-29.62497
01-08-20,-2.2543195,"1,957.35",122.53,42.56,27.35,"6,728",1.388310426,6.927,784.6619048,3.565904762,"6,447","6,038","5,333","5,231","4,797",5.4527034
01-09-20,-9.5048846,"1,886.90",123.98,40.00,23.73,"6,610",1.38427464,6.8106,773.402381,3.557045455,"6,728","6,447","6,038","5,333","5,231",-2.2543195
01-10-20,5.0508391,"1,881.85",120.19,35.62,23.63,"6,695",1.404297149,6.7254,788.2671429,3.597772727,"6,610","6,728","6,447","6,038","5,333",-9.5048846
01-11-20,-27.354269,"1,762.55",129.31,45.15,22.15,"7,675",1.375515818,6.6029,762.8847619,3.610904762,"6,695","6,610","6,728","6,447","6,038",5.0508391
01-12-20,-22.374909,"1,891.10",158.15,48.32,26.49,"7,742",1.327668614,6.5393,734.733,3.605571429,"7,675","6,695","6,610","6,728","6,447",-27.354269
01-01-21,6.2837153,"1,863.80",168.13,52.13,27.42,"7,877",1.294330831,6.4672,723.556,3.6266,"7,742","7,675","6,695","6,610","6,728",-22.374909
01-02-21,-3.9413949,"1,742.85",165.61,61.51,26.69,"9,173",1.289823294,6.4601,722.6265,3.64755,"7,877","7,742","7,675","6,695","6,610",6.2837153
01-03-21,25.405002,"1,691.05",166.90,59.14,24.00,"8,851",1.297016861,6.5109,726.366087,3.710347826,"9,173","7,877","7,742","7,675","6,695",-3.9413949
01-04-21,45.322725,"1,767.65",179.63,63.45,25.88,"9,949",1.298532658,6.5186,707.8452381,3.7036,"8,851","9,173","7,877","7,742","7,675",25.405002
01-05-21,62.888395,"1,899.95",205.73,66.26,27.63,"10,160",1.288161793,6.4321,712.2595,3.776380952,"9,949","8,851","9,173","7,877","7,742",45.322725
01-06-21,61.149429,"1,763.15",214.55,73.47,25.77,"9,385",1.308386759,6.425,726.5445,3.915761905,"10,160","9,949","8,851","9,173","7,877",62.888395
01-07-21,69.240986,"1,825.75",211.99,73.81,25.49,"9,748",1.348254011,6.4763,750.4404762,3.9445,"9,385","10,160","9,949","8,851","9,173",61.149429
01-08-21,84.432877,"1,814.85",159.25,68.47,24.04,"9,463",1.369112815,6.4768,779.8281818,4.09,"9,748","9,385","10,160","9,949","8,851",69.240986
01-09-21,98.384117,"1,742.80",119.65,75.20,21.53,"9,041",1.36761488,6.4563,783.6261905,4.110636364,"9,463","9,748","9,385","10,160","9,949",84.432877
01-10-21,109.3385,"1,769.15",121.23,83.45,24.01,"9,955",1.349163519,6.4172,813.9505,4.0187,"9,041","9,463","9,748","9,385","10,160",98.384117
01-11-21,53.682747,"1,804.40",94.97,66.04,22.87,"9,605",1.368550705,6.3889,812.6247619,4.023333333,"9,955","9,041","9,463","9,748","9,385",109.3385
01-12-21,54.923311,"1,820.10",112.50,75.28,23.09,"9,692",1.397624039,6.3693,849.1219048,4.042318182,"9,605","9,955","9,041","9,463","9,748",53.682747
01-01-22,6.9705739,"1,795.25",131.15,89.06,22.49,"9,620",1.39275766,6.3556,822.05,3.89347619,"9,692","9,605","9,955","9,041","9,463",54.923311
01-02-22,10.542795,"1,909.85",141.99,95.98,24.35,"9,974",1.394894685,6.3436,807.068,3.7952,"9,620","9,692","9,605","9,955","9,041",6.9705739
01-03-22,39.181432,"1,942.15",150.84,100.48,24.81,"10,337",1.356116084,6.3446,799.1873913,3.742913043,"9,974","9,620","9,692","9,605","9,955",10.542795
01-04-22,28.523163,"1,911.30",150.77,104.54,23.44,"9,821",1.357957632,6.431,815.123,3.744157895,"10,337","9,974","9,620","9,692","9,605",39.181432
01-05-22,55.96403,"1,838.70",133.51,114.33,21.77,"9,501",1.420252805,6.699,849.39,3.7615,"9,821","10,337","9,974","9,620","9,692",28.523163
01-06-22,34.092706,"1,817.00",130.00,107.56,20.41,"8,245",1.423487544,6.6952,857.7695,3.751714286,"9,501","9,821","10,337","9,974","9,620",55.96403
01-07-22,20.296654,"1,753.40",107.22,101.06,20.06,"7,801",1.458576429,6.7352,953.7061905,3.907052632,"8,245","9,501","9,821","10,337","9,974",34.092706
01-08-22,-18.364639,"1,715.90",104.76,89.99,17.95,"7,721",1.436575205,6.8007,904.3522727,3.877681818,"7,801","8,245","9,501","9,821","10,337",20.296654
01-09-22,-13.436164,"1,671.75",98.31,79.76,19.02,"7,647",1.499025633,7.0195,921.0075,3.901318182,"7,721","7,801","8,245","9,501","9,821",-18.364639
01-10-22,6.1191379,"1,639.00",92.43,86.49,19.17,"7,525",1.569858713,7.1902,955.8947368,3.982142857,"7,647","7,721","7,801","8,245","9,501",-13.436164
01-11-22,-27.314611,"1,753.50",93.25,80.38,21.56,"8,198",1.516070346,7.1812,917.0528571,3.880904762,"7,525","7,647","7,721","7,801","8,245",6.1191379
01-12-22,-16.077195,"1,812.35",111.28,80.11,23.95,"8,387",1.481920569,6.9717,875.6614286,3.83455,"8,198","7,525","7,647","7,721","7,801",-27.314611
01-01-23,-63.331949,1923.9,123.37,78.9,23.00,9075,1.437814522,6.7904,826.3357143,3.835809524,"8,387","8,198","7,525","7,647","7,721",-16.077195
01-02-23,-95.850243,1824.6,125.75,76.88,20.53,8844,1.450747135,6.838,798.2575,3.84385,"9,075","8,387","8,198","7,525","7,647",-63.331949
01-03-23,-19.524221,1979.7,127.06,75.63,23.89,8935,1.497902936,6.8909,809.503913,3.782304348,"8,844","9,075","8,387","8,198","7,525",-95.850243